index,price
0,76.73
1,102.03
2,41.802
3,42.75933333333332
4,140.11
5,76.73
6,42.012666666666654
7,77.78
8,77.78
9,76.73
10,102.03
11,41.802
12,42.75933333333332
13,140.11
14,76.73
15,42.012666666666654
16,77.78
17,77.78
18,77.07
19,42.48
20,77.34
21,88.64
22,77.46
23,54.24
24,42.48
25,56.87
26,42.75933333333332
27,132.1
28,77.07
29,42.48
30,77.34
31,88.64
32,77.46
33,54.24
34,42.48
35,56.87
36,40.887047619047614
37,42.75933333333332
38,132.1
39,134.71
40,135.07
41,55.49
42,88.64
43,42.75933333333332
44,77.07
45,40.847047619047615
46,132.1
47,77.52
48,132.1
49,77.52
50,40.887047619047614
51,39.94
52,76.18
53,77.14699999999999
54,54.25
55,77.515
56,77.515
57,77.54
58,97.79
59,77.515
60,131.56
61,42.55
62,42.012666666666654
63,92.43
64,141.22
65,41.44371428571428
66,97.79
67,54.25
68,77.515
69,77.515
70,77.54
71,97.79
72,77.515
73,131.56
74,42.55
75,42.012666666666654
76,92.43
77,141.22
78,41.44371428571428
79,97.79
80,97.79
81,91.88
82,143.55
83,42.012666666666654
84,76.99
85,56.87
86,91.53
87,94.26
88,55.47
89,91.35
90,41.40371428571428
91,54.25
92,77.515
93,77.515
94,77.54
95,97.79
96,77.515
97,131.56
98,42.55
99,42.012666666666654
100,92.43
101,141.22
102,41.44371428571428
103,97.79
104,54.25
105,77.515
106,77.515
107,77.54
108,97.79
109,77.515
110,131.56
111,42.55
112,42.012666666666654
113,92.43
114,141.22
115,41.44371428571428
116,97.79
117,97.79
118,91.88
119,143.55
120,42.012666666666654
121,76.99
122,56.76
123,91.53
124,94.26
125,55.47
126,91.35
127,41.40371428571428
128,76.18
129,77.14699999999999
130,39.94
131,55.47
132,91.62
133,143.77
134,39.85
135,55.47
136,91.55
137,143.8
138,77.52
139,40.887047619047614
140,39.94
141,77.52
142,40.887047619047614
143,39.94
144,57.92333333333333
145,77.14699999999999
146,42.75933333333332
147,39.95
148,41.44371428571428
149,54.24
150,55.49
151,77.52
152,39.95
153,39.95
154,77.415
155,57.92333333333333
156,54.24
157,42.75933333333332
158,55.49
159,88.77
160,77.14699999999999
161,142.6
162,141.19
163,77.34
164,77.14699999999999
165,77.415
166,57.92333333333333
167,54.24
168,42.75933333333332
169,55.49
170,88.77
171,77.14699999999999
172,142.6
173,141.19
174,77.34
175,77.14699999999999
176,132.1
177,134.71
178,135.07
179,55.49
180,88.64
181,42.75933333333332
182,77.07
183,40.887047619047614
184,132.1
185,77.52
186,132.1
187,132.1
188,134.71
189,135.07
190,55.49
191,88.64
192,42.75933333333332
193,77.07
194,40.887047619047614
195,132.1
196,77.52
197,132.1
198,132.1
199,134.71
200,135.07
201,55.49
202,88.64
203,42.75933333333332
204,77.07
205,40.887047619047614
206,132.1
207,77.52
208,132.1
209,132.1
210,134.71
211,135.07
212,55.49
213,88.64
214,42.75933333333332
215,77.07
216,40.887047619047614
217,132.1
218,77.52
219,132.1
220,88.64
221,42.75933333333332
222,91.18
223,132.1
224,134.71
225,125.73
226,56.87
227,54.24
228,130.96
229,134.71
230,91.68
231,40.847047619047615
232,39.98
233,42.48
234,42.48
235,76.18
236,42.48
237,39.98
238,42.48
239,42.012666666666654
240,86.57
241,39.98
242,42.48
243,42.48
244,76.18
245,42.48
246,39.98
247,42.48
248,42.012666666666654
249,86.57
250,42.012666666666654
251,125.63
252,39.98
253,88.85
254,76.73
255,102.03
256,41.802
257,42.75933333333332
258,140.11
259,76.73
260,42.012666666666654
261,77.78
262,77.78
263,76.73
264,102.03
265,41.802
266,42.75933333333332
267,140.11
268,76.73
269,42.012666666666654
270,77.78
271,77.78
272,76.73
273,102.03
274,41.802
275,42.75933333333332
276,140.11
277,76.73
278,42.012666666666654
279,77.78
280,77.78
281,42.73933333333333
282,140.11
283,76.61
284,90.22
285,77.07
286,77.415
287,56.87
288,55.5
289,90.42
290,141.22
291,41.44371428571428
292,90.22
293,77.07
294,77.415
295,56.87
296,55.5
297,90.42
298,141.22
299,41.44371428571428
300,142.63
301,141.22
302,93.03
303,142.63
304,56.87
305,140.27
306,94.08
307,54.25
308,41.44371428571428
309,81.94099999999999
310,43.4
311,40.887047619047614
312,80.84
313,80.69
314,81.94099999999999
315,43.4
316,40.887047619047614
317,80.84
318,80.69
319,81.94099999999999
320,43.4
321,40.887047619047614
322,80.84
323,80.69
324,132.1
325,77.07
326,42.48
327,77.34
328,88.64
329,77.46
330,54.24
331,42.48
332,56.87
333,40.887047619047614
334,42.75933333333332
335,39.98
336,42.48
337,42.48
338,76.18
339,42.48
340,39.98
341,42.48
342,42.012666666666654
343,86.57
344,76.73
345,102.03
346,41.802
347,42.75933333333332
348,140.11
349,76.73
350,42.012666666666654
351,77.78
352,77.78
353,80.84
354,43.4
355,96.57
356,40.847047619047615
357,76.73
358,102.03
359,41.802
360,42.75933333333332
361,140.11
362,76.73
363,42.012666666666654
364,77.78
365,77.78
366,42.012666666666654
367,125.63
368,39.98
369,88.85
370,42.55
371,42.55
372,77.515
373,42.55
374,42.012666666666654
375,56.87
376,42.55
377,42.55
378,41.44371428571428
379,42.55
380,97.79
381,91.88
382,143.55
383,42.012666666666654
384,76.99
385,56.87
386,91.53
387,94.26
388,55.47
389,91.35
390,41.40371428571428
391,57.92333333333333
392,77.14699999999999
393,42.75933333333332
394,39.95
395,41.44371428571428
396,54.24
397,55.49
398,77.52
399,39.95
400,39.95
401,57.83333333333333
402,140.07
403,54.19
404,54.24
405,42.75933333333332
406,91.75
407,140.07
408,86.31
409,88.77
410,142.2
411,141.87
412,88.56
413,141.87
414,142.2
415,90.22
416,77.07
417,77.415
418,56.87
419,55.5
420,90.42
421,141.22
422,41.44371428571428
423,132.1
424,134.71
425,135.07
426,55.49
427,88.64
428,42.75933333333332
429,77.07
430,40.887047619047614
431,132.1
432,77.52
433,132.1
434,42.55
435,42.55
436,77.515
437,42.55
438,56.87
439,42.55
440,42.55
441,42.55
442,97.55
443,91.91
444,143.55
445,42.012666666666654
446,76.99
447,56.76
448,91.58
449,94.4
450,55.47
451,91.28
452,41.40371428571428
453,80.46
454,40.887047619047614
455,97.55
456,91.91
457,143.55
458,42.012666666666654
459,76.99
460,56.76
461,91.58
462,94.4
463,55.47
464,91.28
465,41.40371428571428
466,80.46
467,40.887047619047614
468,40.887047619047614
469,80.84
470,43.4
471,96.57
472,40.847047619047615
473,42.55
474,42.55
475,77.515
476,42.55
477,42.012666666666654
478,56.87
479,42.55
480,42.55
481,41.44371428571428
482,42.55
483,132.1
484,134.71
485,135.07
486,55.49
487,88.64
488,42.75933333333332
489,77.07
490,40.887047619047614
491,132.1
492,77.52
493,132.1
494,77.415
495,57.92333333333333
496,54.24
497,42.75933333333332
498,55.49
499,88.77
500,77.14699999999999
501,142.6
502,141.19
503,77.34
504,77.14699999999999
505,76.18
506,77.14699999999999
507,81.94099999999999
508,43.4
509,40.887047619047614
510,80.84
511,80.69
512,90.22
513,77.07
514,77.415
515,56.87
516,55.5
517,90.42
518,141.22
519,41.44371428571428
520,88.64
521,42.75933333333332
522,91.18
523,132.1
524,134.71
525,125.73
526,56.87
527,54.24
528,130.96
529,134.71
530,91.68
531,40.847047619047615
532,55.5
533,54.25
534,86.19
535,56.87
536,86.06
537,77.415
538,40.847047619047615
539,86.59
540,132.1
541,134.71
542,135.07
543,55.49
544,88.64
545,42.75933333333332
546,77.07
547,40.887047619047614
548,132.1
549,77.52
550,132.1
551,97.79
552,91.88
553,143.55
554,42.012666666666654
555,76.99
556,56.87
557,91.53
558,94.26
559,55.47
560,91.35
561,41.40371428571428
562,76.73
563,76.86
564,41.802
565,95.32
566,92.02
567,41.802
568,47.16383333333333
569,42.55
570,42.55
571,77.515
572,42.55
573,42.012666666666654
574,56.87
575,42.55
576,42.55
577,41.44371428571428
578,42.55
579,42.012666666666654
580,125.63
581,39.98
582,88.85
583,55.5
584,54.25
585,86.19
586,56.87
587,86.06
588,77.415
589,40.847047619047615
590,86.59
591,80.84
592,43.4
593,96.57
594,40.847047619047615
595,80.46
596,40.887047619047614
597,40.887047619047614
598,80.84
599,43.4
600,96.57
601,40.847047619047615
602,39.94
603,55.47
604,91.62
605,143.77
606,88.64
607,42.75933333333332
608,91.18
609,132.1
610,134.71
611,125.73
612,56.87
613,54.24
614,130.96
615,134.71
616,91.68
617,40.847047619047615
618,55.5
619,54.25
620,86.19
621,56.87
622,86.06
623,77.415
624,40.847047619047615
625,86.59
626,81.94099999999999
627,43.4
628,40.887047619047614
629,80.84
630,80.69
631,81.94099999999999
632,43.4
633,40.887047619047614
634,80.84
635,80.69
636,97.79
637,91.88
638,143.55
639,42.012666666666654
640,76.99
641,56.87
642,91.53
643,94.26
644,55.47
645,91.35
646,41.40371428571428
647,42.012666666666654
648,125.63
649,39.98
650,88.85
651,132.1
652,134.71
653,135.07
654,55.49
655,88.64
656,42.75933333333332
657,77.07
658,40.887047619047614
659,132.1
660,77.52
661,132.1
662,77.07
663,42.48
664,77.34
665,88.64
666,77.46
667,54.24
668,42.48
669,56.87
670,42.75933333333332
671,57.92333333333333
672,77.14699999999999
673,42.75933333333332
674,39.95
675,41.44371428571428
676,54.24
677,55.49
678,77.52
679,39.95
680,39.95
681,80.84
682,43.4
683,96.57
684,40.847047619047615
685,131.73
686,131.08
687,125.63
688,125.7
689,131.08
690,134.28
691,88.85
692,92.04
693,131.08
694,125.63
695,97.79
696,91.88
697,143.55
698,42.012666666666654
699,76.99
700,56.87
701,91.53
702,94.26
703,55.47
704,91.35
705,41.40371428571428
706,55.5
707,54.25
708,86.19
709,56.87
710,86.06
711,77.415
712,40.847047619047615
713,86.59
714,88.64
715,42.75933333333332
716,91.18
717,132.1
718,134.71
719,125.73
720,56.87
721,54.24
722,130.96
723,134.71
724,91.68
725,40.847047619047615
726,76.18
727,77.14699999999999
728,57.92333333333333
729,77.14699999999999
730,42.75933333333332
731,39.95
732,41.44371428571428
733,54.24
734,55.49
735,77.52
736,39.95
737,39.95
738,54.25
739,77.515
740,77.515
741,77.54
742,97.79
743,77.515
744,131.56
745,42.55
746,42.012666666666654
747,92.43
748,141.22
749,41.44371428571428
750,97.79
751,131.48
752,130.77
753,125.38
754,125.44
755,130.77
756,133.89
757,88.73
758,91.93
759,130.77
760,125.38
761,76.18
762,77.14699999999999
763,142.63
764,141.22
765,93.03
766,142.63
767,56.87
768,140.27
769,94.08
770,54.25
771,41.44371428571428
772,141.9
773,139.88
774,93.02
775,141.9
776,56.76
777,139.27
778,94.15
779,54.2
780,41.40371428571428
781,142.63
782,141.22
783,93.03
784,142.63
785,56.87
786,140.27
787,94.08
788,54.25
789,41.40371428571428
790,77.52
791,40.887047619047614
792,39.94
793,39.98
794,42.48
795,42.48
796,76.18
797,42.48
798,39.98
799,42.48
800,42.012666666666654
801,86.57
802,81.1
803,42.67
804,96.58
805,40.847047619047615
806,85.97
807,56.76
808,77.225
809,56.76
810,142.63
811,141.22
812,93.03
813,142.63
814,56.76
815,140.27
816,94.08
817,54.2
818,41.40371428571428
819,90.22
820,77.07
821,77.415
822,56.87
823,55.5
824,90.42
825,141.22
826,41.44371428571428
827,97.79
828,91.88
829,143.55
830,42.012666666666654
831,76.99
832,56.87
833,91.53
834,94.26
835,55.47
836,91.35
837,41.40371428571428
838,77.34
839,39.96
840,42.43
841,88.75
842,39.96
843,86.19
844,77.415
845,42.43
846,42.73933333333333
847,140.11
848,76.61
849,88.64
850,42.73933333333333
851,91.18
852,132.1
853,134.71
854,125.73
855,56.76
856,54.19
857,130.96
858,134.71
859,91.68
860,40.847047619047615
861,57.83333333333333
862,140.07
863,54.19
864,54.24
865,42.75933333333332
866,91.75
867,140.07
868,86.31
869,88.77
870,142.2
871,141.87
872,88.56
873,141.87
874,142.2
875,90.22
876,77.07
877,77.415
878,56.87
879,55.5
880,90.42
881,141.22
882,41.44371428571428
883,132.1
884,134.71
885,135.07
886,55.49
887,88.64
888,42.75933333333332
889,77.07
890,40.887047619047614
891,132.1
892,77.52
893,132.1
894,77.34
895,39.96
896,42.43
897,88.75
898,39.96
899,86.19
900,77.415
901,42.43
902,131.73
903,131.08
904,125.63
905,125.7
906,131.08
907,134.28
908,88.85
909,92.04
910,131.08
911,125.63
912,57.83333333333333
913,140.07
914,54.19
915,54.24
916,42.75933333333332
917,91.75
918,140.07
919,86.31
920,88.77
921,142.2
922,142.6
923,88.56
924,142.6
925,142.2
926,131.73
927,131.08
928,125.63
929,125.7
930,131.08
931,134.28
932,88.85
933,92.04
934,131.08
935,125.63
936,88.64
937,42.75933333333332
938,91.18
939,132.1
940,134.71
941,125.73
942,56.87
943,54.24
944,130.96
945,134.71
946,91.68
947,40.847047619047615
948,132.1
949,77.07
950,42.48
951,77.34
952,88.64
953,77.46
954,54.24
955,42.48
956,56.87
957,40.887047619047614
958,42.75933333333332
959,77.52
960,40.887047619047614
961,39.94
962,86.03
963,56.87
964,77.415
965,56.76
966,40.887047619047614
967,39.94
968,39.94
969,77.07
970,41.44371428571428
971,41.44371428571428
972,41.44371428571428
973,39.94
974,55.47
975,91.62
976,143.77
977,81.94099999999999
978,43.4
979,40.887047619047614
980,80.84
981,80.69
982,131.73
983,131.08
984,125.63
985,125.7
986,131.08
987,134.28
988,88.85
989,92.04
990,131.08
991,125.63
992,77.415
993,57.92333333333333
994,54.24
995,42.75933333333332
996,55.49
997,88.77
998,77.14699999999999
999,142.6
1000,141.19
1001,77.34
1002,77.14699999999999
1003,131.73
1004,131.08
1005,125.63
1006,125.7
1007,131.08
1008,134.28
1009,88.85
1010,92.04
1011,131.08
1012,125.63
1013,76.18
1014,77.14699999999999
1015,77.52
1016,40.887047619047614
1017,39.94
1018,90.22
1019,77.07
1020,77.415
1021,56.87
1022,55.5
1023,90.42
1024,141.22
1025,41.44371428571428
1026,39.94
1027,55.47
1028,91.62
1029,143.77
1030,77.14699999999999
1031,39.95
1032,41.44371428571428
1033,54.24
1034,55.49
1035,77.52
1036,39.95
1037,39.95
1038,131.73
1039,131.08
1040,125.63
1041,125.7
1042,131.08
1043,134.28
1044,88.85
1045,92.04
1046,131.08
1047,125.63
1048,131.48
1049,130.77
1050,125.38
1051,125.44
1052,130.77
1053,133.89
1054,88.73
1055,91.93
1056,130.77
1057,125.38
1058,97.79
1059,91.88
1060,143.55
1061,42.012666666666654
1062,76.99
1063,56.87
1064,91.53
1065,94.26
1066,55.47
1067,91.35
1068,41.40371428571428
1069,131.73
1070,131.08
1071,125.63
1072,125.7
1073,131.08
1074,134.28
1075,88.85
1076,92.04
1077,131.08
1078,125.63
1079,86.03
1080,56.87
1081,77.415
1082,56.76
1083,132.1
1084,134.71
1085,135.07
1086,55.49
1087,88.64
1088,42.75933333333332
1089,77.07
1090,40.887047619047614
1091,132.1
1092,77.52
1093,132.1
1094,88.64
1095,42.75933333333332
1096,91.18
1097,132.1
1098,134.71
1099,125.73
1100,56.87
1101,54.24
1102,130.96
1103,134.71
1104,91.68
1105,40.847047619047615
1106,97.79
1107,91.88
1108,143.55
1109,42.012666666666654
1110,76.99
1111,56.87
1112,91.53
1113,94.26
1114,55.47
1115,91.35
1116,41.40371428571428
1117,97.79
1118,91.88
1119,143.55
1120,42.012666666666654
1121,76.99
1122,56.76
1123,91.53
1124,94.26
1125,55.47
1126,91.35
1127,41.40371428571428
1128,57.92333333333333
1129,77.14699999999999
1130,42.75933333333332
1131,39.95
1132,41.44371428571428
1133,54.24
1134,55.49
1135,77.52
1136,39.95
1137,39.95
1138,76.73
1139,102.03
1140,41.802
1141,42.75933333333332
1142,140.11
1143,76.73
1144,42.012666666666654
1145,77.78
1146,77.78
1147,97.79
1148,91.88
1149,143.55
1150,42.012666666666654
1151,76.99
1152,56.87
1153,91.53
1154,94.26
1155,55.47
1156,91.35
1157,41.40371428571428
1158,81.94099999999999
1159,43.4
1160,40.887047619047614
1161,80.84
1162,80.69
1163,42.73933333333333
1164,140.11
1165,76.61
1166,42.73933333333333
1167,140.11
1168,76.61
1169,97.79
1170,91.88
1171,143.55
1172,42.012666666666654
1173,76.99
1174,56.87
1175,91.53
1176,94.26
1177,55.47
1178,91.35
1179,41.40371428571428
1180,57.92333333333333
1181,77.14699999999999
1182,42.75933333333332
1183,39.95
1184,41.44371428571428
1185,54.24
1186,55.49
1187,77.52
1188,39.95
1189,39.95
1190,131.73
1191,131.08
1192,125.63
1193,125.7
1194,131.08
1195,134.28
1196,88.85
1197,92.04
1198,131.08
1199,125.63
1200,77.34
1201,39.96
1202,42.43
1203,88.75
1204,39.96
1205,86.19
1206,77.415
1207,42.43
1208,55.5
1209,54.25
1210,86.19
1211,56.87
1212,86.06
1213,77.415
1214,40.887047619047614
1215,86.59
1216,81.94099999999999
1217,43.4
1218,40.887047619047614
1219,80.84
1220,80.69
1221,42.73933333333333
1222,140.11
1223,76.61
1224,54.25
1225,77.515
1226,77.515
1227,77.54
1228,97.79
1229,77.515
1230,131.56
1231,42.55
1232,42.012666666666654
1233,92.43
1234,141.22
1235,41.44371428571428
1236,97.79
1237,132.1
1238,134.71
1239,135.07
1240,55.49
1241,88.64
1242,42.75933333333332
1243,77.07
1244,40.887047619047614
1245,132.1
1246,77.52
1247,132.1
1248,142.63
1249,141.22
1250,93.03
1251,142.63
1252,56.87
1253,140.27
1254,94.08
1255,54.25
1256,41.40371428571428
1257,57.92333333333333
1258,77.14699999999999
1259,42.75933333333332
1260,39.95
1261,41.44371428571428
1262,54.24
1263,55.49
1264,77.52
1265,39.95
1266,39.95
1267,57.83333333333333
1268,140.07
1269,54.19
1270,54.24
1271,42.75933333333332
1272,91.75
1273,140.07
1274,86.31
1275,88.77
1276,142.2
1277,142.6
1278,88.56
1279,142.6
1280,142.2
1281,42.012666666666654
1282,125.63
1283,39.98
1284,88.85
1285,131.73
1286,131.08
1287,125.63
1288,125.7
1289,131.08
1290,134.28
1291,88.85
1292,92.04
1293,131.08
1294,125.63
1295,57.92333333333333
1296,77.14699999999999
1297,42.75933333333332
1298,39.95
1299,41.44371428571428
1300,54.24
1301,55.49
1302,77.52
1303,39.95
1304,39.95
1305,42.012666666666654
1306,125.63
1307,39.98
1308,88.85
1309,42.73933333333333
1310,140.11
1311,76.61
1312,76.73
1313,76.86
1314,42.75933333333332
1315,41.802
1316,95.32
1317,92.02
1318,140.11
1319,41.802
1320,76.73
1321,47.16383333333333
1322,86.03
1323,56.87
1324,77.225
1325,56.76
1326,81.1
1327,42.67
1328,96.58
1329,40.847047619047615
1330,76.73
1331,102.03
1332,41.802
1333,42.75933333333332
1334,140.11
1335,76.73
1336,42.012666666666654
1337,77.78
1338,77.78
1339,80.84
1340,43.4
1341,96.57
1342,40.847047619047615
1343,132.1
1344,134.71
1345,135.07
1346,55.49
1347,88.64
1348,42.75933333333332
1349,77.07
1350,40.887047619047614
1351,132.1
1352,77.52
1353,132.1
1354,90.22
1355,77.07
1356,77.415
1357,56.87
1358,55.5
1359,90.42
1360,141.22
1361,41.44371428571428
1362,39.98
1363,42.48
1364,42.48
1365,76.18
1366,42.48
1367,39.98
1368,42.48
1369,42.012666666666654
1370,86.57
1371,132.1
1372,77.07
1373,42.48
1374,77.34
1375,88.64
1376,77.46
1377,54.24
1378,42.48
1379,56.87
1380,40.887047619047614
1381,42.75933333333332
1382,77.14699999999999
1383,39.95
1384,41.44371428571428
1385,54.24
1386,55.49
1387,77.52
1388,39.95
1389,39.95
1390,77.34
1391,39.96
1392,42.43
1393,88.75
1394,39.96
1395,86.19
1396,77.415
1397,42.43
1398,42.55
1399,42.55
1400,77.515
1401,42.55
1402,56.87
1403,42.55
1404,42.55
1405,42.55
1406,132.1
1407,77.07
1408,42.48
1409,77.34
1410,88.64
1411,77.46
1412,54.24
1413,42.48
1414,56.87
1415,40.887047619047614
1416,42.75933333333332
1417,42.012666666666654
1418,125.63
1419,39.98
1420,88.85
1421,90.22
1422,77.07
1423,77.415
1424,56.87
1425,55.5
1426,90.42
1427,141.22
1428,41.44371428571428
1429,97.79
1430,91.88
1431,143.55
1432,42.012666666666654
1433,76.99
1434,56.76
1435,91.53
1436,94.26
1437,55.47
1438,91.35
1439,41.40371428571428
1440,132.1
1441,134.71
1442,135.07
1443,55.49
1444,88.64
1445,42.75933333333332
1446,77.07
1447,40.887047619047614
1448,132.1
1449,77.52
1450,132.1
1451,39.94
1452,55.47
1453,91.62
1454,143.77
1455,142.63
1456,141.22
1457,93.03
1458,142.63
1459,56.76
1460,140.27
1461,94.08
1462,54.2
1463,41.40371428571428
1464,97.79
1465,91.88
1466,143.55
1467,42.012666666666654
1468,76.99
1469,56.87
1470,91.53
1471,94.26
1472,55.47
1473,91.35
1474,41.40371428571428
1475,55.5
1476,54.25
1477,86.19
1478,56.87
1479,86.06
1480,77.415
1481,40.847047619047615
1482,86.59
1483,97.79
1484,91.88
1485,143.55
1486,42.012666666666654
1487,76.99
1488,56.87
1489,91.53
1490,94.26
1491,55.47
1492,91.35
1493,41.40371428571428
1494,57.83333333333333
1495,140.07
1496,54.19
1497,54.24
1498,42.75933333333332
1499,91.75
1500,140.07
1501,86.31
1502,88.77
1503,142.2
1504,141.87
1505,88.56
1506,141.87
1507,142.2
1508,42.73933333333333
1509,140.11
1510,76.61
1511,88.64
1512,42.73933333333333
1513,91.18
1514,132.1
1515,134.71
1516,125.73
1517,56.76
1518,54.19
1519,130.96
1520,134.71
1521,91.68
1522,40.847047619047615
1523,77.07
1524,42.48
1525,77.34
1526,88.64
1527,77.46
1528,54.24
1529,42.48
1530,56.87
1531,42.75933333333332
1532,142.63
1533,141.22
1534,93.03
1535,142.63
1536,56.76
1537,140.27
1538,94.08
1539,54.2
1540,41.40371428571428
1541,142.63
1542,141.22
1543,93.03
1544,142.63
1545,56.87
1546,140.27
1547,94.08
1548,54.25
1549,41.44371428571428
1550,57.92333333333333
1551,77.14699999999999
1552,42.75933333333332
1553,39.95
1554,41.44371428571428
1555,54.24
1556,55.49
1557,77.52
1558,39.95
1559,39.95
1560,57.92333333333333
1561,140.07
1562,54.19
1563,54.24
1564,42.75933333333332
1565,91.75
1566,140.07
1567,86.31
1568,88.77
1569,142.2
1570,142.6
1571,88.56
1572,142.6
1573,142.2
1574,86.03
1575,56.87
1576,77.415
1577,56.76
1578,88.64
1579,42.75933333333332
1580,91.18
1581,132.1
1582,134.71
1583,125.73
1584,56.87
1585,54.24
1586,130.96
1587,134.71
1588,91.68
1589,40.847047619047615
1590,132.1
1591,77.07
1592,42.48
1593,77.34
1594,88.64
1595,77.46
1596,54.24
1597,42.48
1598,56.87
1599,40.887047619047614
1600,42.75933333333332
1601,42.012666666666654
1602,125.63
1603,39.98
1604,88.85
1605,76.73
1606,76.86
1607,42.75933333333332
1608,41.802
1609,95.32
1610,92.02
1611,140.11
1612,41.802
1613,76.73
1614,47.16383333333333
1615,77.415
1616,57.92333333333333
1617,54.24
1618,42.75933333333332
1619,55.49
1620,88.77
1621,77.14699999999999
1622,142.6
1623,141.19
1624,77.34
1625,77.14699999999999
1626,85.97
1627,56.76
1628,77.225
1629,56.76
1630,81.94099999999999
1631,43.4
1632,40.887047619047614
1633,80.84
1634,80.69
1635,97.79
1636,91.88
1637,143.55
1638,42.012666666666654
1639,76.99
1640,56.76
1641,91.53
1642,94.26
1643,55.47
1644,91.35
1645,41.40371428571428
1646,86.03
1647,56.87
1648,77.415
1649,56.76
1650,88.64
1651,42.75933333333332
1652,91.18
1653,132.1
1654,134.71
1655,125.73
1656,56.87
1657,54.24
1658,130.96
1659,134.71
1660,91.68
1661,40.847047619047615
1662,97.79
1663,91.88
1664,143.55
1665,42.012666666666654
1666,76.99
1667,56.87
1668,91.53
1669,94.26
1670,55.47
1671,91.35
1672,41.40371428571428
1673,57.83333333333333
1674,140.07
1675,54.19
1676,54.24
1677,42.75933333333332
1678,91.75
1679,140.07
1680,86.31
1681,88.77
1682,142.2
1683,142.6
1684,88.56
1685,142.6
1686,142.2
1687,77.07
1688,42.48
1689,77.34
1690,88.64
1691,77.46
1692,54.24
1693,42.48
1694,56.87
1695,42.75933333333332
1696,55.5
1697,54.25
1698,86.19
1699,56.87
1700,86.06
1701,77.415
1702,40.887047619047614
1703,86.59
1704,142.63
1705,141.22
1706,93.03
1707,142.63
1708,56.87
1709,140.27
1710,94.08
1711,54.25
1712,41.44371428571428
1713,131.73
1714,131.08
1715,125.63
1716,125.7
1717,131.08
1718,134.28
1719,88.85
1720,92.04
1721,131.08
1722,125.63
1723,77.34
1724,39.96
1725,42.43
1726,88.75
1727,39.96
1728,86.19
1729,77.415
1730,42.43
1731,142.63
1732,141.22
1733,93.03
1734,142.63
1735,56.87
1736,140.27
1737,94.08
1738,54.25
1739,41.40371428571428
1740,76.73
1741,102.03
1742,41.802
1743,42.75933333333332
1744,140.11
1745,76.73
1746,42.012666666666654
1747,77.78
1748,77.78
1749,54.25
1750,77.515
1751,77.515
1752,77.54
1753,97.79
1754,77.515
1755,131.56
1756,42.55
1757,42.012666666666654
1758,92.43
1759,141.22
1760,41.44371428571428
1761,97.79
1762,81.94099999999999
1763,43.4
1764,40.887047619047614
1765,80.84
1766,80.69
1767,132.1
1768,134.71
1769,135.07
1770,55.49
1771,88.64
1772,42.75933333333332
1773,77.07
1774,40.887047619047614
1775,132.1
1776,77.52
1777,132.1
1778,76.73
1779,102.03
1780,41.802
1781,42.75933333333332
1782,140.11
1783,76.73
1784,42.012666666666654
1785,77.78
1786,77.78
1787,39.94
1788,55.47
1789,91.62
1790,143.77
1791,86.03
1792,56.87
1793,77.415
1794,56.76
1795,54.25
1796,77.515
1797,77.515
1798,77.54
1799,97.79
1800,77.515
1801,131.56
1802,42.55
1803,42.012666666666654
1804,92.43
1805,141.22
1806,41.44371428571428
1807,97.79
1808,57.83333333333333
1809,140.07
1810,54.19
1811,54.24
1812,42.75933333333332
1813,91.75
1814,140.07
1815,86.31
1816,88.77
1817,142.2
1818,141.87
1819,88.56
1820,141.87
1821,142.2
1822,81.94099999999999
1823,43.4
1824,40.887047619047614
1825,80.84
1826,80.69
1827,131.48
1828,130.77
1829,125.38
1830,125.44
1831,130.77
1832,133.89
1833,88.73
1834,91.93
1835,130.77
1836,125.38
1837,80.46
1838,40.887047619047614
1839,40.887047619047614
1840,76.73
1841,76.86
1842,42.75933333333332
1843,41.802
1844,95.32
1845,92.02
1846,140.11
1847,41.802
1848,76.73
1849,47.16383333333333
1850,142.63
1851,141.22
1852,93.03
1853,142.63
1854,56.87
1855,140.27
1856,94.08
1857,54.25
1858,41.40371428571428
1859,97.55
1860,91.91
1861,143.55
1862,42.012666666666654
1863,76.99
1864,56.76
1865,91.58
1866,94.4
1867,55.47
1868,91.28
1869,41.40371428571428
1870,42.73933333333333
1871,139.07
1872,76.61
1873,142.63
1874,141.22
1875,93.03
1876,142.63
1877,56.87
1878,140.27
1879,94.08
1880,54.25
1881,41.40371428571428
1882,77.415
1883,57.92333333333333
1884,54.24
1885,42.75933333333332
1886,55.49
1887,88.77
1888,77.14699999999999
1889,142.6
1890,141.19
1891,77.34
1892,77.14699999999999
1893,97.79
1894,91.88
1895,143.55
1896,42.012666666666654
1897,76.99
1898,56.87
1899,91.53
1900,94.26
1901,55.47
1902,91.35
1903,41.40371428571428
1904,80.84
1905,43.4
1906,96.57
1907,40.847047619047615
1908,88.64
1909,42.75933333333332
1910,91.18
1911,132.1
1912,134.71
1913,125.73
1914,56.87
1915,54.24
1916,130.96
1917,134.71
1918,91.68
1919,40.847047619047615
1920,42.73933333333333
1921,140.11
1922,76.61
1923,77.52
1924,40.887047619047614
1925,39.94
1926,142.63
1927,141.22
1928,93.03
1929,142.63
1930,56.87
1931,140.27
1932,94.08
1933,54.25
1934,41.40371428571428
1935,97.55
1936,91.91
1937,143.55
1938,42.012666666666654
1939,76.99
1940,56.76
1941,91.58
1942,94.4
1943,55.47
1944,91.28
1945,41.40371428571428
1946,80.84
1947,43.4
1948,96.57
1949,40.847047619047615
1950,54.25
1951,77.515
1952,77.515
1953,77.54
1954,97.79
1955,77.515
1956,131.56
1957,42.55
1958,42.012666666666654
1959,92.43
1960,141.22
1961,41.44371428571428
1962,97.79
1963,81.94099999999999
1964,43.4
1965,40.887047619047614
1966,80.84
1967,80.69
1968,77.52
1969,40.887047619047614
1970,39.94
1971,76.18
1972,77.14699999999999
1973,77.415
1974,57.92333333333333
1975,54.24
1976,42.75933333333332
1977,55.49
1978,88.77
1979,77.14699999999999
1980,142.6
1981,141.19
1982,77.34
1983,77.14699999999999
1984,77.07
1985,42.48
1986,77.34
1987,88.64
1988,77.46
1989,54.24
1990,42.48
1991,56.87
1992,42.75933333333332
1993,86.03
1994,56.87
1995,77.415
1996,56.76
1997,77.34
1998,39.96
1999,42.43
2000,88.75
2001,39.96
2002,86.19
2003,77.415
2004,42.43
2005,88.64
2006,42.75933333333332
2007,91.18
2008,132.1
2009,134.71
2010,125.73
2011,56.87
2012,54.24
2013,130.96
2014,134.71
2015,91.68
2016,40.847047619047615
2017,57.83333333333333
2018,140.07
2019,54.19
2020,54.24
2021,42.75933333333332
2022,91.75
2023,140.07
2024,86.31
2025,88.77
2026,142.2
2027,142.6
2028,88.56
2029,142.6
2030,142.2
2031,142.63
2032,141.22
2033,93.03
2034,142.63
2035,56.87
2036,140.27
2037,94.08
2038,54.25
2039,41.44371428571428
2040,88.64
2041,42.75933333333332
2042,91.18
2043,132.1
2044,134.71
2045,125.73
2046,56.87
2047,54.24
2048,130.96
2049,134.71
2050,91.68
2051,40.847047619047615
2052,39.94
2053,55.47
2054,91.62
2055,143.77
2056,77.415
2057,57.92333333333333
2058,54.24
2059,42.75933333333332
2060,55.49
2061,88.77
2062,77.14699999999999
2063,142.6
2064,141.19
2065,77.34
2066,77.14699999999999
2067,81.94099999999999
2068,43.4
2069,40.887047619047614
2070,80.84
2071,80.69
2072,42.012666666666654
2073,125.63
2074,39.98
2075,88.85
2076,77.34
2077,39.96
2078,42.43
2079,88.75
2080,39.96
2081,86.19
2082,77.415
2083,42.43
2084,55.5
2085,54.25
2086,86.19
2087,56.87
2088,86.06
2089,77.415
2090,40.847047619047615
2091,86.59
2092,42.73933333333333
2093,140.11
2094,76.61
2095,80.84
2096,43.4
2097,96.57
2098,40.847047619047615
2099,86.03
2100,56.87
2101,77.415
2102,56.76
2103,39.85
2104,55.47
2105,91.55
2106,143.8
2107,42.012666666666654
2108,125.63
2109,39.98
2110,88.85
2111,39.94
2112,55.47
2113,91.62
2114,143.77
2115,131.73
2116,131.08
2117,125.63
2118,125.7
2119,131.08
2120,134.28
2121,88.85
2122,92.04
2123,131.08
2124,125.63
2125,55.5
2126,54.25
2127,86.19
2128,56.87
2129,86.06
2130,77.415
2131,40.887047619047614
2132,86.59
2133,42.55
2134,42.55
2135,77.515
2136,42.55
2137,42.012666666666654
2138,56.87
2139,42.55
2140,42.55
2141,41.44371428571428
2142,42.55
2143,86.03
2144,56.87
2145,77.415
2146,56.76
2147,76.73
2148,102.03
2149,41.802
2150,42.75933333333332
2151,140.11
2152,76.73
2153,42.012666666666654
2154,77.78
2155,77.78
2156,77.415
2157,57.92333333333333
2158,54.24
2159,42.75933333333332
2160,55.49
2161,88.77
2162,77.14699999999999
2163,142.6
2164,141.19
2165,77.34
2166,77.14699999999999
2167,77.14699999999999
2168,39.95
2169,41.44371428571428
2170,54.24
2171,55.49
2172,77.52
2173,39.95
2174,39.95
2175,54.25
2176,77.515
2177,77.515
2178,77.54
2179,97.79
2180,77.515
2181,131.56
2182,42.55
2183,42.012666666666654
2184,92.43
2185,141.22
2186,41.44371428571428
2187,97.79
2188,80.46
2189,40.887047619047614
2190,40.887047619047614
2191,42.012666666666654
2192,125.63
2193,39.98
2194,88.85
2195,39.94
2196,55.47
2197,91.62
2198,143.77
2199,81.94099999999999
2200,43.4
2201,40.887047619047614
2202,80.84
2203,80.69
2204,77.415
2205,57.92333333333333
2206,54.24
2207,42.75933333333332
2208,55.49
2209,88.77
2210,77.14699999999999
2211,142.6
2212,141.19
2213,77.34
2214,77.14699999999999
2215,76.73
2216,102.03
2217,41.802
2218,42.75933333333332
2219,140.11
2220,76.73
2221,42.012666666666654
2222,77.78
2223,77.78
2224,42.55
2225,42.55
2226,77.515
2227,42.55
2228,42.012666666666654
2229,56.87
2230,42.55
2231,42.55
2232,41.44371428571428
2233,42.55
2234,97.79
2235,91.88
2236,143.55
2237,42.012666666666654
2238,76.99
2239,56.87
2240,91.53
2241,94.26
2242,55.47
2243,91.35
2244,41.40371428571428
2245,88.64
2246,42.75933333333332
2247,91.18
2248,132.1
2249,134.71
2250,125.73
2251,56.87
2252,54.24
2253,130.96
2254,134.71
2255,91.68
2256,40.847047619047615
2257,80.84
2258,43.4
2259,96.57
2260,40.847047619047615
2261,39.94
2262,55.47
2263,91.62
2264,143.77
2265,77.52
2266,40.887047619047614
2267,39.94
2268,77.52
2269,40.887047619047614
2270,39.94
2271,97.79
2272,91.88
2273,143.55
2274,42.012666666666654
2275,76.99
2276,56.87
2277,91.53
2278,94.26
2279,55.47
2280,91.35
2281,41.40371428571428
2282,42.012666666666654
2283,125.63
2284,39.98
2285,88.85
2286,39.98
2287,42.48
2288,42.48
2289,76.18
2290,42.48
2291,39.98
2292,42.48
2293,42.012666666666654
2294,86.57
2295,131.73
2296,131.08
2297,125.63
2298,125.7
2299,131.08
2300,134.28
2301,88.85
2302,92.04
2303,131.08
2304,125.63
2305,97.55
2306,91.91
2307,143.55
2308,42.012666666666654
2309,76.99
2310,56.76
2311,91.58
2312,94.4
2313,55.47
2314,91.28
2315,41.40371428571428
2316,131.73
2317,131.08
2318,125.63
2319,125.7
2320,131.08
2321,134.28
2322,88.85
2323,92.04
2324,131.08
2325,125.63
2326,76.18
2327,77.14699999999999
2328,142.63
2329,141.22
2330,93.03
2331,142.63
2332,56.87
2333,140.27
2334,94.08
2335,54.25
2336,41.44371428571428
2337,55.5
2338,54.25
2339,86.19
2340,56.87
2341,86.06
2342,77.415
2343,40.887047619047614
2344,86.59
2345,76.73
2346,102.03
2347,41.802
2348,42.75933333333332
2349,140.11
2350,76.73
2351,42.012666666666654
2352,77.78
2353,77.78
2354,132.1
2355,77.07
2356,42.48
2357,77.34
2358,88.64
2359,77.46
2360,54.24
2361,42.48
2362,56.87
2363,40.887047619047614
2364,42.75933333333332
2365,77.52
2366,40.887047619047614
2367,39.94
2368,97.79
2369,91.88
2370,143.55
2371,42.012666666666654
2372,76.99
2373,56.87
2374,91.53
2375,94.26
2376,55.47
2377,91.35
2378,41.40371428571428
2379,81.94099999999999
2380,43.4
2381,40.887047619047614
2382,80.84
2383,80.69
2384,88.64
2385,42.75933333333332
2386,91.18
2387,132.1
2388,134.71
2389,125.73
2390,56.87
2391,54.24
2392,130.96
2393,134.71
2394,91.68
2395,40.847047619047615
2396,132.1
2397,134.71
2398,135.07
2399,55.49
2400,88.64
2401,42.75933333333332
2402,77.07
2403,40.887047619047614
2404,132.1
2405,77.52
2406,132.1
2407,97.79
2408,91.88
2409,143.55
2410,42.012666666666654
2411,76.99
2412,56.76
2413,91.53
2414,94.26
2415,55.47
2416,91.35
2417,41.40371428571428
2418,97.55
2419,91.91
2420,143.55
2421,42.012666666666654
2422,76.99
2423,56.76
2424,91.58
2425,94.4
2426,55.47
2427,91.28
2428,41.40371428571428
2429,142.63
2430,141.22
2431,93.03
2432,142.63
2433,56.87
2434,140.27
2435,94.08
2436,54.25
2437,41.40371428571428
2438,42.55
2439,42.55
2440,77.515
2441,42.55
2442,42.012666666666654
2443,56.87
2444,42.55
2445,42.55
2446,41.44371428571428
2447,42.55
2448,57.92333333333333
2449,140.07
2450,54.19
2451,54.24
2452,42.75933333333332
2453,91.75
2454,140.07
2455,86.31
2456,88.77
2457,142.2
2458,142.6
2459,88.56
2460,142.6
2461,142.2
2462,80.84
2463,43.4
2464,96.57
2465,40.847047619047615
2466,76.18
2467,77.14699999999999
2468,77.415
2469,57.92333333333333
2470,54.24
2471,42.75933333333332
2472,55.49
2473,88.77
2474,77.14699999999999
2475,142.6
2476,141.19
2477,77.34
2478,77.14699999999999
2479,76.18
2480,77.14699999999999
2481,85.97
2482,56.76
2483,77.225
2484,56.76
2485,42.55
2486,42.55
2487,77.515
2488,42.55
2489,42.012666666666654
2490,56.87
2491,42.55
2492,42.55
2493,41.44371428571428
2494,42.55
2495,80.84
2496,43.4
2497,96.57
2498,40.847047619047615
2499,142.63
2500,141.22
2501,93.03
2502,142.63
2503,56.87
2504,140.27
2505,94.08
2506,54.25
2507,41.44371428571428
2508,57.83333333333333
2509,140.07
2510,54.19
2511,54.24
2512,42.75933333333332
2513,91.75
2514,140.07
2515,86.31
2516,88.77
2517,142.2
2518,141.87
2519,88.56
2520,141.87
2521,142.2
2522,132.1
2523,77.07
2524,42.48
2525,77.34
2526,88.64
2527,77.46
2528,54.24
2529,42.48
2530,56.87
2531,40.887047619047614
2532,42.75933333333332
2533,86.03
2534,56.87
2535,77.415
2536,56.76
2537,76.18
2538,77.14699999999999
2539,54.25
2540,77.515
2541,77.515
2542,77.54
2543,97.79
2544,77.515
2545,131.56
2546,42.55
2547,42.012666666666654
2548,92.43
2549,141.22
2550,41.44371428571428
2551,97.79
2552,42.55
2553,42.55
2554,77.515
2555,42.55
2556,56.87
2557,42.55
2558,42.55
2559,42.55
2560,57.92333333333333
2561,77.14699999999999
2562,42.75933333333332
2563,39.95
2564,41.44371428571428
2565,54.24
2566,55.49
2567,77.52
2568,39.95
2569,39.95
2570,42.55
2571,42.55
2572,77.515
2573,42.55
2574,42.012666666666654
2575,56.87
2576,42.55
2577,42.55
2578,41.44371428571428
2579,42.55
2580,42.012666666666654
2581,125.63
2582,39.98
2583,88.85
2584,80.84
2585,43.4
2586,96.57
2587,40.847047619047615
2588,80.46
2589,40.887047619047614
2590,40.887047619047614
2591,42.73933333333333
2592,140.11
2593,76.61
2594,80.84
2595,43.4
2596,96.57
2597,40.847047619047615
2598,131.73
2599,131.08
2600,125.63
2601,125.7
2602,131.08
2603,134.28
2604,88.85
2605,92.04
2606,131.08
2607,125.63
2608,81.94099999999999
2609,43.4
2610,40.887047619047614
2611,80.84
2612,80.69
2613,88.64
2614,42.75933333333332
2615,91.18
2616,132.1
2617,134.71
2618,125.73
2619,56.87
2620,54.24
2621,130.96
2622,134.71
2623,91.68
2624,40.847047619047615
2625,76.73
2626,76.86
2627,41.802
2628,95.32
2629,92.02
2630,41.802
2631,47.16383333333333
2632,131.73
2633,131.08
2634,125.63
2635,125.7
2636,131.08
2637,134.28
2638,88.85
2639,92.04
2640,131.08
2641,125.63
2642,77.34
2643,39.96
2644,42.43
2645,88.75
2646,39.96
2647,86.19
2648,77.415
2649,42.43
2650,131.73
2651,131.08
2652,125.63
2653,125.7
2654,131.08
2655,134.28
2656,88.85
2657,92.04
2658,131.08
2659,125.63
2660,55.5
2661,54.25
2662,86.19
2663,56.87
2664,86.06
2665,77.415
2666,40.847047619047615
2667,86.59
2668,57.92333333333333
2669,140.07
2670,54.19
2671,54.24
2672,42.75933333333332
2673,91.75
2674,140.07
2675,86.31
2676,88.77
2677,142.2
2678,142.6
2679,88.56
2680,142.6
2681,142.2
2682,42.012666666666654
2683,125.63
2684,39.98
2685,88.85
2686,57.92333333333333
2687,77.14699999999999
2688,42.75933333333332
2689,39.95
2690,41.44371428571428
2691,54.24
2692,55.49
2693,77.52
2694,39.95
2695,39.95
2696,40.887047619047614
2697,39.94
2698,39.94
2699,77.07
2700,41.44371428571428
2701,41.44371428571428
2702,42.73933333333333
2703,140.11
2704,76.61
2705,42.73933333333333
2706,140.11
2707,76.61
2708,40.887047619047614
2709,39.94
2710,39.94
2711,77.07
2712,41.44371428571428
2713,41.44371428571428
2714,131.73
2715,131.08
2716,125.63
2717,125.7
2718,131.08
2719,134.28
2720,88.85
2721,92.04
2722,131.08
2723,125.63
2724,88.64
2725,42.75933333333332
2726,91.18
2727,132.1
2728,134.71
2729,125.73
2730,56.87
2731,54.24
2732,130.96
2733,134.71
2734,91.68
2735,40.847047619047615
2736,80.84
2737,43.4
2738,96.57
2739,40.847047619047615
2740,42.73933333333333
2741,140.11
2742,76.61
2743,77.52
2744,40.887047619047614
2745,39.94
2746,142.63
2747,141.22
2748,93.03
2749,142.63
2750,56.76
2751,140.27
2752,94.08
2753,54.2
2754,41.40371428571428
2755,77.52
2756,40.887047619047614
2757,39.94
2758,131.73
2759,131.08
2760,125.63
2761,125.7
2762,131.08
2763,134.28
2764,88.85
2765,92.04
2766,131.08
2767,125.63
2768,57.83333333333333
2769,140.07
2770,54.19
2771,54.24
2772,42.75933333333332
2773,91.75
2774,140.07
2775,86.31
2776,88.77
2777,142.2
2778,142.6
2779,88.56
2780,142.6
2781,142.2
2782,39.94
2783,55.47
2784,91.62
2785,143.77
2786,40.887047619047614
2787,39.94
2788,39.94
2789,77.07
2790,41.44371428571428
2791,41.44371428571428
2792,41.44371428571428
2793,39.98
2794,42.48
2795,42.48
2796,76.18
2797,42.48
2798,39.98
2799,42.48
2800,42.012666666666654
2801,86.57
2802,97.79
2803,91.88
2804,143.55
2805,42.012666666666654
2806,76.99
2807,56.87
2808,91.53
2809,94.26
2810,55.47
2811,91.35
2812,41.40371428571428
2813,81.1
2814,42.67
2815,96.58
2816,40.847047619047615
2817,55.5
2818,54.25
2819,86.19
2820,56.87
2821,86.06
2822,77.415
2823,40.847047619047615
2824,86.59
2825,132.1
2826,77.07
2827,42.48
2828,77.34
2829,88.64
2830,77.46
2831,54.24
2832,42.48
2833,56.87
2834,40.887047619047614
2835,42.75933333333332
2836,81.94099999999999
2837,43.4
2838,40.887047619047614
2839,80.84
2840,80.69
2841,77.52
2842,40.887047619047614
2843,39.94
2844,142.63
2845,141.22
2846,93.03
2847,142.63
2848,56.87
2849,140.27
2850,94.08
2851,54.25
2852,41.44371428571428
2853,42.73933333333333
2854,140.11
2855,76.61
2856,57.83333333333333
2857,140.07
2858,54.19
2859,54.24
2860,42.75933333333332
2861,91.75
2862,140.07
2863,86.31
2864,88.77
2865,142.2
2866,142.6
2867,88.56
2868,142.6
2869,142.2
2870,131.73
2871,131.08
2872,125.63
2873,125.7
2874,131.08
2875,134.28
2876,88.85
2877,92.04
2878,131.08
2879,125.63
2880,76.18
2881,77.14699999999999
2882,86.03
2883,56.87
2884,77.415
2885,56.76
2886,40.887047619047614
2887,39.94
2888,39.94
2889,77.07
2890,41.44371428571428
2891,41.44371428571428
2892,41.44371428571428
2893,57.83333333333333
2894,139.13
2895,54.19
2896,54.19
2897,42.75933333333332
2898,91.72
2899,139.13
2900,86.29
2901,88.65
2902,141.73
2903,141.87
2904,88.44
2905,141.87
2906,141.73
2907,88.64
2908,42.75933333333332
2909,91.18
2910,132.1
2911,134.71
2912,125.73
2913,56.87
2914,54.24
2915,130.96
2916,134.71
2917,91.68
2918,40.847047619047615
2919,42.73933333333333
2920,140.11
2921,76.61
2922,39.85
2923,55.47
2924,91.55
2925,143.8
2926,42.012666666666654
2927,125.63
2928,39.98
2929,88.85
2930,142.63
2931,141.22
2932,93.03
2933,142.63
2934,56.87
2935,140.27
2936,94.08
2937,54.25
2938,41.40371428571428
2939,57.83333333333333
2940,140.07
2941,54.19
2942,54.24
2943,42.75933333333332
2944,91.75
2945,140.07
2946,86.31
2947,88.77
2948,142.2
2949,142.6
2950,88.56
2951,142.6
2952,142.2
2953,80.84
2954,43.4
2955,96.57
2956,40.847047619047615
2957,80.84
2958,43.4
2959,96.57
2960,40.847047619047615
2961,76.73
2962,76.86
2963,42.75933333333332
2964,41.802
2965,95.32
2966,92.02
2967,140.11
2968,41.802
2969,76.73
2970,47.16383333333333
2971,76.73
2972,76.86
2973,41.802
2974,95.32
2975,92.02
2976,41.802
2977,47.16383333333333
2978,86.03
2979,56.87
2980,77.415
2981,56.76
2982,76.73
2983,76.86
2984,41.802
2985,95.32
2986,92.02
2987,41.802
2988,47.16383333333333
2989,39.94
2990,55.47
2991,91.62
2992,143.77
2993,39.85
2994,55.47
2995,91.62
2996,143.77
2997,88.64
2998,42.73933333333333
2999,91.18
3000,132.1
3001,134.71
3002,125.73
3003,56.76
3004,54.19
3005,130.96
3006,134.71
3007,91.68
3008,40.847047619047615
3009,57.92333333333333
3010,77.14699999999999
3011,42.75933333333332
3012,39.95
3013,41.44371428571428
3014,54.24
3015,55.49
3016,77.52
3017,39.95
3018,39.95
3019,97.79
3020,91.88
3021,143.55
3022,42.012666666666654
3023,76.99
3024,56.87
3025,91.53
3026,94.26
3027,55.47
3028,91.35
3029,41.40371428571428
3030,42.55
3031,42.55
3032,77.515
3033,42.55
3034,42.012666666666654
3035,56.87
3036,42.55
3037,42.55
3038,41.44371428571428
3039,42.55
3040,77.34
3041,39.96
3042,42.43
3043,88.75
3044,39.96
3045,86.19
3046,77.415
3047,42.43
3048,132.1
3049,77.07
3050,42.48
3051,77.34
3052,88.64
3053,77.46
3054,54.24
3055,42.48
3056,56.87
3057,40.887047619047614
3058,42.75933333333332
3059,77.415
3060,57.92333333333333
3061,54.24
3062,42.75933333333332
3063,55.49
3064,88.77
3065,77.14699999999999
3066,142.6
3067,141.19
3068,77.34
3069,77.14699999999999
3070,80.84
3071,43.4
3072,96.57
3073,40.847047619047615
3074,86.03
3075,56.76
3076,77.225
3077,56.76
3078,131.48
3079,130.77
3080,125.38
3081,125.44
3082,130.77
3083,133.89
3084,88.73
3085,91.93
3086,130.77
3087,125.38
3088,86.03
3089,56.76
3090,77.225
3091,56.76
3092,88.64
3093,42.75933333333332
3094,91.18
3095,132.1
3096,134.71
3097,125.73
3098,56.87
3099,54.24
3100,130.96
3101,134.71
3102,91.68
3103,40.847047619047615
3104,97.79
3105,91.88
3106,143.55
3107,42.012666666666654
3108,76.99
3109,56.76
3110,91.53
3111,94.26
3112,55.47
3113,91.35
3114,41.40371428571428
3115,40.887047619047614
3116,39.94
3117,39.94
3118,77.07
3119,41.44371428571428
3120,41.44371428571428
3121,97.79
3122,91.88
3123,143.55
3124,42.012666666666654
3125,76.99
3126,56.87
3127,91.53
3128,94.26
3129,55.47
3130,91.35
3131,41.40371428571428
3132,131.73
3133,131.08
3134,125.63
3135,125.7
3136,131.08
3137,134.28
3138,88.85
3139,92.04
3140,131.08
3141,125.63
3142,42.012666666666654
3143,125.63
3144,39.98
3145,88.85
3146,54.25
3147,77.515
3148,77.515
3149,77.54
3150,97.79
3151,77.515
3152,131.56
3153,42.55
3154,42.012666666666654
3155,92.43
3156,141.22
3157,41.44371428571428
3158,97.79
3159,141.9
3160,139.88
3161,93.02
3162,141.9
3163,56.76
3164,139.27
3165,94.15
3166,54.2
3167,41.40371428571428
3168,88.52
3169,42.73933333333333
3170,91.07
3171,131.69
3172,134.32
3173,125.54
3174,56.76
3175,54.19
3176,130.64
3177,134.32
3178,91.57
3179,40.847047619047615
3180,39.98
3181,42.48
3182,42.48
3183,76.18
3184,42.48
3185,39.98
3186,42.48
3187,42.012666666666654
3188,86.57
3189,54.25
3190,77.515
3191,77.515
3192,77.54
3193,97.79
3194,77.515
3195,131.56
3196,42.55
3197,42.012666666666654
3198,92.43
3199,141.22
3200,41.44371428571428
3201,97.79
3202,40.887047619047614
3203,39.94
3204,39.94
3205,77.07
3206,41.44371428571428
3207,41.44371428571428
3208,42.73933333333333
3209,139.07
3210,76.61
3211,76.73
3212,76.86
3213,41.802
3214,95.32
3215,92.02
3216,41.802
3217,47.16383333333333
3218,86.03
3219,56.87
3220,77.225
3221,56.76
3222,57.83333333333333
3223,140.07
3224,54.19
3225,54.24
3226,42.75933333333332
3227,91.75
3228,140.07
3229,86.31
3230,88.77
3231,142.2
3232,142.6
3233,88.56
3234,142.6
3235,142.2
3236,88.64
3237,42.75933333333332
3238,91.18
3239,132.1
3240,134.71
3241,125.73
3242,56.87
3243,54.24
3244,130.96
3245,134.71
3246,91.68
3247,40.847047619047615
3248,77.52
3249,40.887047619047614
3250,39.94
3251,132.1
3252,134.71
3253,135.07
3254,55.49
3255,88.64
3256,42.75933333333332
3257,77.07
3258,40.887047619047614
3259,132.1
3260,77.52
3261,132.1
3262,86.03
3263,56.87
3264,77.415
3265,56.76
3266,97.79
3267,91.88
3268,143.55
3269,42.012666666666654
3270,76.99
3271,56.87
3272,91.53
3273,94.26
3274,55.47
3275,91.35
3276,41.40371428571428
3277,40.887047619047614
3278,39.94
3279,39.94
3280,77.07
3281,41.44371428571428
3282,41.44371428571428
3283,41.44371428571428
3284,42.55
3285,42.55
3286,77.515
3287,42.55
3288,42.012666666666654
3289,56.87
3290,42.55
3291,42.55
3292,41.44371428571428
3293,42.55
3294,57.92333333333333
3295,140.07
3296,54.19
3297,54.24
3298,42.75933333333332
3299,91.75
3300,140.07
3301,86.31
3302,88.77
3303,142.2
3304,142.6
3305,88.56
3306,142.6
3307,142.2
3308,42.73933333333333
3309,140.11
3310,76.61
3311,77.415
3312,57.92333333333333
3313,54.24
3314,42.75933333333332
3315,55.49
3316,88.77
3317,77.14699999999999
3318,142.6
3319,141.19
3320,77.34
3321,77.14699999999999
3322,57.83333333333333
3323,140.07
3324,54.19
3325,54.24
3326,42.75933333333332
3327,91.75
3328,140.07
3329,86.31
3330,88.77
3331,142.2
3332,142.6
3333,88.56
3334,142.6
3335,142.2
3336,57.83333333333333
3337,140.07
3338,54.19
3339,54.24
3340,42.75933333333332
3341,91.75
3342,140.07
3343,86.31
3344,88.77
3345,142.2
3346,142.6
3347,88.56
3348,142.6
3349,142.2
3350,55.5
3351,54.25
3352,86.19
3353,56.87
3354,86.06
3355,77.415
3356,40.847047619047615
3357,86.59
3358,131.73
3359,131.08
3360,125.63
3361,125.7
3362,131.08
3363,134.28
3364,88.85
3365,92.04
3366,131.08
3367,125.63
3368,39.85
3369,55.47
3370,91.62
3371,143.77
3372,76.73
3373,76.86
3374,42.75933333333332
3375,41.802
3376,95.32
3377,92.02
3378,140.11
3379,41.802
3380,76.73
3381,47.16383333333333
3382,131.48
3383,130.77
3384,125.38
3385,125.44
3386,130.77
3387,133.89
3388,88.73
3389,91.93
3390,130.77
3391,125.38
3392,42.73933333333333
3393,140.11
3394,76.61
3395,76.73
3396,102.03
3397,41.802
3398,42.75933333333332
3399,140.11
3400,76.73
3401,42.012666666666654
3402,77.78
3403,77.78
3404,42.73933333333333
3405,140.11
3406,76.61
3407,80.84
3408,43.4
3409,96.57
3410,40.847047619047615
3411,39.94
3412,55.47
3413,91.62
3414,143.77
3415,131.73
3416,131.08
3417,125.63
3418,125.7
3419,131.08
3420,134.28
3421,88.85
3422,92.04
3423,131.08
3424,125.63
3425,90.22
3426,77.07
3427,77.415
3428,56.87
3429,55.5
3430,90.42
3431,141.22
3432,41.44371428571428
3433,76.73
3434,102.03
3435,41.802
3436,42.75933333333332
3437,140.11
3438,76.73
3439,42.012666666666654
3440,77.78
3441,77.78
3442,76.18
3443,77.14699999999999
3444,77.52
3445,40.887047619047614
3446,39.94
3447,142.63
3448,141.22
3449,93.03
3450,142.63
3451,56.76
3452,140.27
3453,94.08
3454,54.2
3455,41.40371428571428
3456,142.63
3457,141.22
3458,93.03
3459,142.63
3460,56.87
3461,140.27
3462,94.08
3463,54.25
3464,41.40371428571428
3465,76.73
3466,76.86
3467,42.75933333333332
3468,41.802
3469,95.32
3470,92.02
3471,140.11
3472,41.802
3473,76.73
3474,47.16383333333333
3475,54.25
3476,77.515
3477,77.515
3478,77.54
3479,97.79
3480,77.515
3481,131.56
3482,42.55
3483,42.012666666666654
3484,92.43
3485,141.22
3486,41.44371428571428
3487,97.79
3488,57.92333333333333
3489,140.07
3490,54.19
3491,54.24
3492,42.75933333333332
3493,91.75
3494,140.07
3495,86.31
3496,88.77
3497,142.2
3498,142.6
3499,88.56
3500,142.6
3501,142.2
3502,76.18
3503,77.14699999999999
3504,40.887047619047614
3505,39.94
3506,39.94
3507,77.07
3508,41.44371428571428
3509,41.44371428571428
3510,41.44371428571428
3511,57.83333333333333
3512,140.07
3513,54.19
3514,54.24
3515,42.75933333333332
3516,91.75
3517,140.07
3518,86.31
3519,88.77
3520,142.2
3521,142.6
3522,88.56
3523,142.6
3524,142.2
3525,39.94
3526,55.47
3527,91.62
3528,143.77
3529,39.85
3530,55.47
3531,91.62
3532,143.77
3533,141.9
3534,139.88
3535,93.02
3536,141.9
3537,56.76
3538,139.27
3539,94.15
3540,54.2
3541,41.40371428571428
3542,81.1
3543,42.67
3544,96.58
3545,40.847047619047615
3546,86.03
3547,56.87
3548,77.415
3549,56.76
3550,42.73933333333333
3551,140.11
3552,76.61
3553,76.73
3554,102.03
3555,41.802
3556,42.75933333333332
3557,140.11
3558,76.73
3559,42.012666666666654
3560,77.78
3561,77.78
3562,57.92333333333333
3563,77.14699999999999
3564,42.75933333333332
3565,39.95
3566,41.44371428571428
3567,54.24
3568,55.49
3569,77.52
3570,39.95
3571,39.95
3572,132.1
3573,134.71
3574,135.07
3575,55.49
3576,88.64
3577,42.75933333333332
3578,77.07
3579,40.887047619047614
3580,132.1
3581,77.52
3582,132.1
3583,80.84
3584,43.4
3585,96.57
3586,40.847047619047615
3587,57.83333333333333
3588,140.07
3589,54.19
3590,54.24
3591,42.75933333333332
3592,91.75
3593,140.07
3594,86.31
3595,88.77
3596,142.2
3597,142.6
3598,88.56
3599,142.6
3600,142.2
3601,141.9
3602,139.88
3603,93.02
3604,141.9
3605,56.76
3606,139.27
3607,94.15
3608,54.2
3609,41.40371428571428
3610,42.73933333333333
3611,140.11
3612,76.61
3613,81.94099999999999
3614,43.4
3615,40.887047619047614
3616,80.84
3617,80.69
3618,39.85
3619,55.47
3620,91.55
3621,143.8
3622,86.03
3623,56.87
3624,77.415
3625,56.76
3626,90.22
3627,77.07
3628,77.415
3629,56.87
3630,55.5
3631,90.42
3632,141.22
3633,41.44371428571428
3634,81.94099999999999
3635,43.4
3636,40.887047619047614
3637,80.84
3638,80.69
3639,141.9
3640,139.88
3641,93.02
3642,141.9
3643,56.76
3644,139.27
3645,94.15
3646,54.2
3647,41.40371428571428
3648,88.64
3649,42.75933333333332
3650,91.18
3651,132.1
3652,134.71
3653,125.73
3654,56.87
3655,54.24
3656,130.96
3657,134.71
3658,91.68
3659,40.847047619047615
3660,76.18
3661,77.14699999999999
3662,85.97
3663,56.76
3664,77.225
3665,56.76
3666,80.84
3667,43.4
3668,96.57
3669,40.847047619047615
3670,55.5
3671,54.25
3672,86.19
3673,56.87
3674,86.06
3675,77.415
3676,40.887047619047614
3677,86.59
3678,132.1
3679,134.71
3680,135.07
3681,55.49
3682,88.64
3683,42.75933333333332
3684,77.07
3685,40.887047619047614
3686,132.1
3687,77.52
3688,132.1
3689,86.03
3690,56.87
3691,77.415
3692,56.76
3693,86.03
3694,56.87
3695,77.415
3696,56.76
3697,40.887047619047614
3698,39.94
3699,39.94
3700,77.07
3701,41.44371428571428
3702,41.44371428571428
3703,41.44371428571428
3704,90.22
3705,77.07
3706,77.415
3707,56.87
3708,55.5
3709,90.42
3710,141.22
3711,41.44371428571428
3712,86.03
3713,56.87
3714,77.415
3715,56.76
3716,131.73
3717,131.08
3718,125.63
3719,125.7
3720,131.08
3721,134.28
3722,88.85
3723,92.04
3724,131.08
3725,125.63
3726,39.85
3727,55.47
3728,91.55
3729,143.8
3730,42.73933333333333
3731,140.11
3732,76.61
3733,76.73
3734,76.86
3735,42.75933333333332
3736,41.802
3737,95.32
3738,92.02
3739,140.11
3740,41.802
3741,76.73
3742,47.16383333333333
3743,81.94099999999999
3744,43.4
3745,40.887047619047614
3746,80.84
3747,80.69
3748,88.64
3749,42.75933333333332
3750,91.18
3751,132.1
3752,134.71
3753,125.73
3754,56.87
3755,54.24
3756,130.96
3757,134.71
3758,91.68
3759,40.847047619047615
3760,39.85
3761,55.47
3762,91.62
3763,143.77
3764,86.03
3765,56.87
3766,77.415
3767,56.76
3768,55.5
3769,54.25
3770,86.19
3771,56.87
3772,86.06
3773,77.415
3774,40.847047619047615
3775,86.59
3776,80.46
3777,40.887047619047614
3778,76.73
3779,102.03
3780,41.802
3781,42.75933333333332
3782,140.11
3783,76.73
3784,42.012666666666654
3785,77.78
3786,77.78
3787,76.73
3788,76.86
3789,42.75933333333332
3790,41.802
3791,95.32
3792,92.02
3793,140.11
3794,41.802
3795,76.73
3796,47.16383333333333
3797,54.25
3798,77.515
3799,77.515
3800,77.54
3801,97.79
3802,77.515
3803,131.56
3804,42.55
3805,42.012666666666654
3806,92.43
3807,141.22
3808,41.44371428571428
3809,97.79
3810,77.34
3811,39.96
3812,42.43
3813,88.75
3814,39.96
3815,86.19
3816,77.415
3817,42.43
3818,42.55
3819,42.55
3820,77.515
3821,42.55
3822,42.012666666666654
3823,56.87
3824,42.55
3825,42.55
3826,41.44371428571428
3827,42.55
3828,42.73933333333333
3829,140.11
3830,76.61
3831,42.012666666666654
3832,125.63
3833,39.98
3834,88.85
3835,88.64
3836,42.75933333333332
3837,91.18
3838,132.1
3839,134.71
3840,125.73
3841,56.87
3842,54.24
3843,130.96
3844,134.71
3845,91.68
3846,40.847047619047615
3847,80.84
3848,43.4
3849,96.57
3850,40.847047619047615
3851,57.83333333333333
3852,140.07
3853,54.19
3854,54.24
3855,42.75933333333332
3856,91.75
3857,140.07
3858,86.31
3859,88.77
3860,142.2
3861,142.6
3862,88.56
3863,142.6
3864,142.2
3865,77.415
3866,57.92333333333333
3867,54.24
3868,42.75933333333332
3869,55.49
3870,88.77
3871,77.14699999999999
3872,142.6
3873,141.19
3874,77.34
3875,77.14699999999999
3876,42.73933333333333
3877,140.11
3878,76.61
3879,132.1
3880,134.71
3881,135.07
3882,55.49
3883,88.64
3884,42.75933333333332
3885,77.07
3886,40.887047619047614
3887,132.1
3888,77.52
3889,132.1
3890,77.34
3891,39.96
3892,42.43
3893,88.75
3894,39.96
3895,86.19
3896,77.415
3897,42.43
3898,80.46
3899,40.887047619047614
3900,40.887047619047614
3901,54.25
3902,77.515
3903,77.515
3904,77.54
3905,97.79
3906,77.515
3907,131.56
3908,42.55
3909,42.012666666666654
3910,92.43
3911,141.22
3912,41.44371428571428
3913,97.79
3914,80.46
3915,40.887047619047614
3916,40.887047619047614
3917,88.64
3918,42.73933333333333
3919,91.18
3920,132.1
3921,134.71
3922,125.73
3923,56.76
3924,54.19
3925,130.96
3926,134.71
3927,91.68
3928,40.847047619047615
3929,97.79
3930,91.88
3931,143.55
3932,42.012666666666654
3933,76.99
3934,56.87
3935,91.53
3936,94.26
3937,55.47
3938,91.35
3939,41.40371428571428
3940,57.83333333333333
3941,139.13
3942,54.19
3943,54.19
3944,42.75933333333332
3945,91.72
3946,139.13
3947,86.29
3948,88.65
3949,141.73
3950,141.87
3951,88.44
3952,141.87
3953,141.73
3954,57.92333333333333
3955,77.14699999999999
3956,42.75933333333332
3957,39.95
3958,41.44371428571428
3959,54.24
3960,55.49
3961,77.52
3962,39.95
3963,39.95
3964,131.73
3965,131.08
3966,125.63
3967,125.7
3968,131.08
3969,134.28
3970,88.85
3971,92.04
3972,131.08
3973,125.63
3974,42.73933333333333
3975,140.11
3976,76.61
3977,88.52
3978,42.73933333333333
3979,91.07
3980,131.69
3981,134.32
3982,125.54
3983,56.76
3984,54.19
3985,130.64
3986,134.32
3987,91.57
3988,40.847047619047615
3989,77.34
3990,39.96
3991,42.43
3992,88.75
3993,39.96
3994,86.19
3995,77.415
3996,42.43
3997,57.83333333333333
3998,140.07
3999,54.19
4000,54.24
4001,42.75933333333332
4002,91.75
4003,140.07
4004,86.31
4005,88.77
4006,142.2
4007,142.6
4008,88.56
4009,142.6
4010,142.2
4011,131.73
4012,131.08
4013,125.63
4014,125.7
4015,131.08
4016,134.28
4017,88.85
4018,92.04
4019,131.08
4020,125.63
4021,80.46
4022,40.887047619047614
4023,40.887047619047614
4024,142.63
4025,141.22
4026,93.03
4027,142.63
4028,56.87
4029,140.27
4030,94.08
4031,54.25
4032,41.40371428571428
4033,88.52
4034,42.73933333333333
4035,91.07
4036,131.69
4037,134.32
4038,125.54
4039,56.76
4040,54.19
4041,130.64
4042,134.32
4043,91.57
4044,40.847047619047615
4045,42.012666666666654
4046,125.63
4047,39.98
4048,88.85
4049,39.94
4050,55.47
4051,91.62
4052,143.77
4053,39.98
4054,42.48
4055,42.48
4056,76.18
4057,42.48
4058,39.98
4059,42.48
4060,42.012666666666654
4061,86.57
4062,77.415
4063,57.92333333333333
4064,54.24
4065,42.75933333333332
4066,55.49
4067,88.77
4068,77.14699999999999
4069,142.6
4070,141.19
4071,77.34
4072,77.14699999999999
4073,90.22
4074,77.07
4075,77.415
4076,56.87
4077,55.5
4078,90.42
4079,141.22
4080,41.44371428571428
4081,142.63
4082,141.22
4083,93.03
4084,142.63
4085,56.87
4086,140.27
4087,94.08
4088,54.25
4089,41.44371428571428
4090,90.22
4091,77.07
4092,77.415
4093,56.87
4094,55.5
4095,90.42
4096,141.22
4097,41.44371428571428
4098,81.94099999999999
4099,43.4
4100,40.887047619047614
4101,80.84
4102,80.69
4103,88.64
4104,42.73933333333333
4105,91.18
4106,132.1
4107,134.71
4108,125.73
4109,56.76
4110,54.19
4111,130.96
4112,134.71
4113,91.68
4114,40.847047619047615
4115,42.55
4116,42.55
4117,77.515
4118,42.55
4119,42.012666666666654
4120,56.87
4121,42.55
4122,42.55
4123,41.44371428571428
4124,42.55
4125,97.55
4126,91.91
4127,143.55
4128,42.012666666666654
4129,76.99
4130,56.76
4131,91.58
4132,94.4
4133,55.47
4134,91.28
4135,41.40371428571428
4136,142.63
4137,141.22
4138,93.03
4139,142.63
4140,56.87
4141,140.27
4142,94.08
4143,54.25
4144,41.40371428571428
4145,40.887047619047614
4146,39.94
4147,39.94
4148,77.07
4149,41.44371428571428
4150,41.44371428571428
4151,132.1
4152,134.71
4153,135.07
4154,55.49
4155,88.64
4156,42.75933333333332
4157,77.07
4158,40.847047619047615
4159,132.1
4160,77.52
4161,132.1
4162,54.25
4163,77.515
4164,77.515
4165,77.54
4166,97.79
4167,77.515
4168,131.56
4169,42.55
4170,42.012666666666654
4171,92.43
4172,141.22
4173,41.44371428571428
4174,97.79
4175,40.887047619047614
4176,39.94
4177,39.94
4178,77.07
4179,41.44371428571428
4180,41.44371428571428
4181,41.44371428571428
4182,42.012666666666654
4183,125.63
4184,39.98
4185,88.85
4186,42.73933333333333
4187,140.11
4188,76.61
4189,54.25
4190,77.515
4191,77.515
4192,77.54
4193,97.79
4194,77.515
4195,131.56
4196,42.55
4197,42.012666666666654
4198,92.43
4199,141.22
4200,41.44371428571428
4201,97.79
4202,131.73
4203,131.08
4204,125.63
4205,125.7
4206,131.08
4207,134.28
4208,88.85
4209,92.04
4210,131.08
4211,125.63
4212,90.22
4213,77.07
4214,77.415
4215,56.87
4216,55.5
4217,90.42
4218,141.22
4219,41.44371428571428
4220,81.1
4221,42.67
4222,96.58
4223,40.847047619047615
4224,85.97
4225,56.76
4226,77.225
4227,56.76
4228,80.84
4229,43.4
4230,96.57
4231,40.847047619047615
4232,76.18
4233,77.14699999999999
4234,42.012666666666654
4235,125.63
4236,39.98
4237,88.85
4238,132.1
4239,134.71
4240,135.07
4241,55.49
4242,88.64
4243,42.75933333333332
4244,77.07
4245,40.887047619047614
4246,132.1
4247,77.52
4248,132.1
4249,57.83333333333333
4250,139.13
4251,54.19
4252,54.19
4253,42.75933333333332
4254,91.72
4255,139.13
4256,86.29
4257,88.65
4258,141.73
4259,141.87
4260,88.44
4261,141.87
4262,141.73
4263,97.79
4264,91.88
4265,143.55
4266,42.012666666666654
4267,76.99
4268,56.87
4269,91.53
4270,94.26
4271,55.47
4272,91.35
4273,41.40371428571428
4274,85.97
4275,56.76
4276,77.225
4277,56.76
4278,97.55
4279,91.91
4280,143.55
4281,42.012666666666654
4282,76.99
4283,56.76
4284,91.58
4285,94.4
4286,55.47
4287,91.28
4288,41.40371428571428
4289,86.03
4290,56.87
4291,77.415
4292,56.76
4293,132.1
4294,134.71
4295,135.07
4296,55.49
4297,88.64
4298,42.75933333333332
4299,77.07
4300,40.887047619047614
4301,132.1
4302,77.52
4303,132.1
4304,142.63
4305,141.22
4306,93.03
4307,142.63
4308,56.87
4309,140.27
4310,94.08
4311,54.25
4312,41.44371428571428
4313,86.03
4314,56.87
4315,77.415
4316,56.76
4317,80.84
4318,43.4
4319,96.57
4320,40.847047619047615
4321,42.73933333333333
4322,140.11
4323,76.61
4324,42.55
4325,42.55
4326,77.515
4327,42.55
4328,56.87
4329,42.55
4330,42.55
4331,42.55
4332,42.73933333333333
4333,140.11
4334,76.61
4335,54.25
4336,77.515
4337,77.515
4338,77.54
4339,97.79
4340,77.515
4341,131.56
4342,42.55
4343,42.012666666666654
4344,92.43
4345,141.22
4346,41.44371428571428
4347,97.79
4348,77.415
4349,57.92333333333333
4350,54.24
4351,42.75933333333332
4352,55.49
4353,88.77
4354,77.14699999999999
4355,142.6
4356,141.19
4357,77.34
4358,77.14699999999999
4359,76.73
4360,102.03
4361,41.802
4362,42.75933333333332
4363,140.11
4364,76.73
4365,42.012666666666654
4366,77.78
4367,77.78
4368,42.55
4369,42.55
4370,77.515
4371,42.55
4372,56.87
4373,42.55
4374,42.55
4375,42.55
4376,39.94
4377,55.47
4378,91.62
4379,143.77
4380,142.63
4381,141.22
4382,93.03
4383,142.63
4384,56.87
4385,140.27
4386,94.08
4387,54.25
4388,41.40371428571428
4389,77.34
4390,39.96
4391,42.43
4392,88.75
4393,39.96
4394,86.19
4395,77.415
4396,42.43
4397,57.92333333333333
4398,77.14699999999999
4399,42.75933333333332
4400,39.95
4401,41.44371428571428
4402,54.24
4403,55.49
4404,77.52
4405,39.95
4406,39.95
4407,42.55
4408,42.55
4409,77.515
4410,42.55
4411,42.012666666666654
4412,56.87
4413,42.55
4414,42.55
4415,41.44371428571428
4416,42.55
4417,42.73933333333333
4418,140.11
4419,76.61
4420,142.63
4421,141.22
4422,93.03
4423,142.63
4424,56.87
4425,140.27
4426,94.08
4427,54.25
4428,41.40371428571428
4429,39.98
4430,42.48
4431,42.48
4432,76.18
4433,42.48
4434,39.98
4435,42.48
4436,42.012666666666654
4437,86.57
4438,90.22
4439,77.07
4440,77.415
4441,56.87
4442,55.5
4443,90.42
4444,141.22
4445,41.44371428571428
4446,76.18
4447,77.14699999999999
4448,97.79
4449,91.88
4450,143.55
4451,42.012666666666654
4452,76.99
4453,56.87
4454,91.53
4455,94.26
4456,55.47
4457,91.35
4458,41.40371428571428
4459,39.94
4460,55.47
4461,91.62
4462,143.77
4463,39.98
4464,42.48
4465,42.48
4466,76.18
4467,42.48
4468,39.98
4469,42.48
4470,42.012666666666654
4471,86.57
4472,39.98
4473,42.48
4474,42.48
4475,76.18
4476,42.48
4477,39.98
4478,42.48
4479,42.012666666666654
4480,86.57
4481,90.22
4482,77.07
4483,77.415
4484,56.87
4485,55.5
4486,90.42
4487,141.22
4488,41.44371428571428
4489,88.64
4490,42.75933333333332
4491,91.18
4492,132.1
4493,134.71
4494,125.73
4495,56.87
4496,54.24
4497,130.96
4498,134.71
4499,91.68
4500,40.847047619047615
4501,54.25
4502,77.515
4503,77.515
4504,77.54
4505,97.79
4506,77.515
4507,131.56
4508,42.55
4509,42.012666666666654
4510,92.43
4511,141.22
4512,41.44371428571428
4513,97.79
4514,57.83333333333333
4515,140.07
4516,54.19
4517,54.24
4518,42.75933333333332
4519,91.75
4520,140.07
4521,86.31
4522,88.77
4523,142.2
4524,142.6
4525,88.56
4526,142.6
4527,142.2
4528,80.84
4529,43.4
4530,96.57
4531,40.847047619047615
4532,42.012666666666654
4533,125.63
4534,39.98
4535,88.85
4536,88.64
4537,42.73933333333333
4538,91.18
4539,132.1
4540,134.71
4541,125.73
4542,56.76
4543,54.19
4544,130.96
4545,134.71
4546,91.68
4547,40.847047619047615
4548,77.52
4549,40.887047619047614
4550,39.94
4551,77.52
4552,40.887047619047614
4553,39.94
4554,81.94099999999999
4555,43.4
4556,40.887047619047614
4557,80.84
4558,80.69
4559,42.73933333333333
4560,140.11
4561,76.61
4562,76.73
4563,76.86
4564,41.802
4565,95.32
4566,92.02
4567,41.802
4568,47.16383333333333
4569,39.85
4570,55.47
4571,91.62
4572,143.77
4573,132.1
4574,77.07
4575,42.48
4576,77.34
4577,88.64
4578,77.46
4579,54.24
4580,42.48
4581,56.87
4582,40.887047619047614
4583,42.75933333333332
4584,39.98
4585,42.48
4586,42.48
4587,76.18
4588,42.48
4589,39.98
4590,42.48
4591,42.012666666666654
4592,86.57
4593,76.18
4594,77.14699999999999
4595,90.22
4596,77.07
4597,77.415
4598,56.87
4599,55.5
4600,90.42
4601,141.22
4602,41.44371428571428
4603,39.94
4604,55.47
4605,91.62
4606,143.77
4607,76.18
4608,77.14699999999999
4609,97.79
4610,91.88
4611,143.55
4612,42.012666666666654
4613,76.99
4614,56.87
4615,91.53
4616,94.26
4617,55.47
4618,91.35
4619,41.40371428571428
4620,131.73
4621,131.08
4622,125.63
4623,125.7
4624,131.08
4625,134.28
4626,88.85
4627,92.04
4628,131.08
4629,125.63
4630,80.84
4631,43.4
4632,96.57
4633,40.847047619047615
4634,142.63
4635,141.22
4636,93.03
4637,142.63
4638,56.87
4639,140.27
4640,94.08
4641,54.25
4642,41.40371428571428
4643,88.64
4644,42.75933333333332
4645,91.18
4646,132.1
4647,134.71
4648,125.73
4649,56.87
4650,54.24
4651,130.96
4652,134.71
4653,91.68
4654,40.847047619047615
4655,141.9
4656,139.88
4657,93.02
4658,141.9
4659,56.76
4660,139.27
4661,94.15
4662,54.2
4663,41.40371428571428
4664,86.03
4665,56.87
4666,77.225
4667,56.76
4668,42.73933333333333
4669,140.11
4670,76.61
4671,39.94
4672,55.47
4673,91.62
4674,143.77
4675,57.83333333333333
4676,139.13
4677,54.19
4678,54.19
4679,42.75933333333332
4680,91.72
4681,139.13
4682,86.29
4683,88.65
4684,141.73
4685,141.87
4686,88.44
4687,141.87
4688,141.73
4689,42.73933333333333
4690,140.11
4691,76.61
4692,39.85
4693,55.47
4694,91.55
4695,143.8
4696,42.012666666666654
4697,125.63
4698,39.98
4699,88.85
4700,39.94
4701,55.47
4702,91.62
4703,143.77
4704,80.84
4705,43.4
4706,96.57
4707,40.847047619047615
4708,86.03
4709,56.76
4710,77.225
4711,56.76
4712,55.5
4713,54.25
4714,86.19
4715,56.87
4716,86.06
4717,77.415
4718,40.847047619047615
4719,86.59
4720,76.73
4721,76.86
4722,42.75933333333332
4723,41.802
4724,95.32
4725,92.02
4726,140.11
4727,41.802
4728,76.73
4729,47.16383333333333
4730,39.98
4731,42.48
4732,42.48
4733,76.18
4734,42.48
4735,39.98
4736,42.48
4737,42.012666666666654
4738,86.57
4739,88.64
4740,42.75933333333332
4741,91.18
4742,132.1
4743,134.71
4744,125.73
4745,56.87
4746,54.24
4747,130.96
4748,134.71
4749,91.68
4750,40.847047619047615
4751,76.73
4752,76.86
4753,42.75933333333332
4754,41.802
4755,95.32
4756,92.02
4757,140.11
4758,41.802
4759,76.73
4760,47.16383333333333
4761,55.5
4762,54.25
4763,86.19
4764,56.87
4765,86.06
4766,77.415
4767,40.887047619047614
4768,86.59
4769,76.73
4770,76.86
4771,41.802
4772,95.32
4773,92.02
4774,41.802
4775,47.16383333333333
4776,76.73
4777,102.03
4778,41.802
4779,42.75933333333332
4780,140.11
4781,76.73
4782,42.012666666666654
4783,77.78
4784,77.78
4785,76.73
4786,102.03
4787,41.802
4788,42.75933333333332
4789,140.11
4790,76.73
4791,42.012666666666654
4792,77.78
4793,77.78
4794,97.79
4795,91.88
4796,143.55
4797,42.012666666666654
4798,76.99
4799,56.87
4800,91.53
4801,94.26
4802,55.47
4803,91.35
4804,41.40371428571428
4805,39.98
4806,42.48
4807,42.48
4808,76.18
4809,42.48
4810,39.98
4811,42.48
4812,42.012666666666654
4813,86.57
4814,80.46
4815,40.887047619047614
4816,40.887047619047614
4817,42.73933333333333
4818,140.11
4819,76.61
4820,142.63
4821,141.22
4822,93.03
4823,142.63
4824,56.87
4825,140.27
4826,94.08
4827,54.25
4828,41.44371428571428
4829,142.63
4830,141.22
4831,93.03
4832,142.63
4833,56.87
4834,140.27
4835,94.08
4836,54.25
4837,41.44371428571428
4838,55.5
4839,54.25
4840,86.19
4841,56.87
4842,86.06
4843,77.415
4844,40.887047619047614
4845,86.59
4846,39.94
4847,55.47
4848,91.62
4849,143.77
4850,42.55
4851,42.55
4852,77.515
4853,42.55
4854,42.012666666666654
4855,56.87
4856,42.55
4857,42.55
4858,41.44371428571428
4859,42.55
4860,131.73
4861,131.08
4862,125.63
4863,125.7
4864,131.08
4865,134.28
4866,88.85
4867,92.04
4868,131.08
4869,125.63
4870,77.07
4871,42.48
4872,77.34
4873,88.64
4874,77.46
4875,54.24
4876,42.48
4877,56.87
4878,42.75933333333332
4879,77.52
4880,40.887047619047614
4881,39.94
4882,39.94
4883,55.47
4884,91.62
4885,143.77
4886,80.84
4887,43.4
4888,96.57
4889,40.847047619047615
4890,80.84
4891,43.4
4892,96.57
4893,40.847047619047615
4894,132.1
4895,134.71
4896,135.07
4897,55.49
4898,88.64
4899,42.75933333333332
4900,77.07
4901,40.887047619047614
4902,132.1
4903,77.52
4904,132.1
4905,80.46
4906,40.887047619047614
4907,76.73
4908,102.03
4909,41.802
4910,42.75933333333332
4911,140.11
4912,76.73
4913,42.012666666666654
4914,77.78
4915,77.78
4916,39.98
4917,42.48
4918,42.48
4919,76.18
4920,42.48
4921,39.98
4922,42.48
4923,42.012666666666654
4924,86.57
4925,39.98
4926,42.48
4927,42.48
4928,76.18
4929,42.48
4930,39.98
4931,42.48
4932,42.012666666666654
4933,86.57
4934,77.415
4935,57.92333333333333
4936,54.24
4937,42.75933333333332
4938,55.49
4939,88.77
4940,77.14699999999999
4941,142.6
4942,141.19
4943,77.34
4944,77.14699999999999
4945,77.415
4946,57.92333333333333
4947,54.24
4948,42.75933333333332
4949,55.49
4950,88.77
4951,77.14699999999999
4952,142.6
4953,141.19
4954,77.34
4955,77.14699999999999
4956,88.64
4957,42.75933333333332
4958,91.18
4959,132.1
4960,134.71
4961,125.73
4962,56.87
4963,54.24
4964,130.96
4965,134.71
4966,91.68
4967,40.847047619047615
4968,77.34
4969,39.96
4970,42.43
4971,88.75
4972,39.96
4973,86.19
4974,77.415
4975,42.43
4976,77.34
4977,39.96
4978,42.43
4979,88.75
4980,39.96
4981,86.19
4982,77.415
4983,42.43
4984,77.34
4985,39.96
4986,42.43
4987,88.75
4988,39.96
4989,86.19
4990,77.415
4991,42.43
4992,39.94
4993,55.47
4994,91.62
4995,143.77
4996,88.64
4997,42.75933333333332
4998,91.18
4999,132.1
5000,134.71
5001,125.73
5002,56.87
5003,54.24
5004,130.96
5005,134.71
5006,91.68
5007,40.847047619047615
5008,57.83333333333333
5009,139.13
5010,54.19
5011,54.19
5012,42.75933333333332
5013,91.72
5014,139.13
5015,86.29
5016,88.65
5017,141.73
5018,141.87
5019,88.44
5020,141.87
5021,141.73
5022,57.83333333333333
5023,140.07
5024,54.19
5025,54.24
5026,42.75933333333332
5027,91.75
5028,140.07
5029,86.31
5030,88.77
5031,142.2
5032,142.6
5033,88.56
5034,142.6
5035,142.2
5036,42.73933333333333
5037,140.11
5038,76.61
5039,55.5
5040,54.25
5041,86.19
5042,56.87
5043,86.06
5044,77.415
5045,40.847047619047615
5046,86.59
5047,40.887047619047614
5048,39.94
5049,39.94
5050,77.07
5051,41.44371428571428
5052,41.44371428571428
5053,41.44371428571428
5054,86.03
5055,56.76
5056,77.225
5057,56.76
5058,54.25
5059,77.515
5060,77.515
5061,77.54
5062,97.79
5063,77.515
5064,131.56
5065,42.55
5066,42.012666666666654
5067,92.43
5068,141.22
5069,41.44371428571428
5070,97.79
5071,40.887047619047614
5072,39.94
5073,39.94
5074,77.07
5075,41.44371428571428
5076,41.44371428571428
5077,41.44371428571428
5078,97.79
5079,91.88
5080,143.55
5081,42.012666666666654
5082,76.99
5083,56.87
5084,91.53
5085,94.26
5086,55.47
5087,91.35
5088,41.40371428571428
5089,132.1
5090,134.71
5091,135.07
5092,55.49
5093,88.64
5094,42.75933333333332
5095,77.07
5096,40.887047619047614
5097,132.1
5098,77.52
5099,132.1
5100,97.79
5101,91.88
5102,143.55
5103,42.012666666666654
5104,76.99
5105,56.87
5106,91.53
5107,94.26
5108,55.47
5109,91.35
5110,41.40371428571428
5111,40.887047619047614
5112,39.94
5113,39.94
5114,77.07
5115,41.44371428571428
5116,41.44371428571428
5117,41.44371428571428
5118,76.18
5119,77.14699999999999
5120,80.84
5121,43.4
5122,96.57
5123,40.847047619047615
5124,80.84
5125,43.4
5126,96.57
5127,40.847047619047615
5128,77.415
5129,57.92333333333333
5130,54.24
5131,42.75933333333332
5132,55.49
5133,88.77
5134,77.14699999999999
5135,142.6
5136,141.19
5137,77.34
5138,77.14699999999999
5139,42.73933333333333
5140,140.11
5141,76.61
5142,80.84
5143,43.4
5144,96.57
5145,40.847047619047615
5146,42.55
5147,42.55
5148,77.515
5149,42.55
5150,42.012666666666654
5151,56.87
5152,42.55
5153,42.55
5154,41.44371428571428
5155,42.55
5156,77.415
5157,57.92333333333333
5158,54.24
5159,42.75933333333332
5160,55.49
5161,88.77
5162,77.14699999999999
5163,142.6
5164,141.19
5165,77.34
5166,77.14699999999999
5167,55.5
5168,54.25
5169,86.19
5170,56.87
5171,86.06
5172,77.415
5173,40.887047619047614
5174,86.59
5175,40.887047619047614
5176,39.94
5177,39.94
5178,77.07
5179,41.44371428571428
5180,41.44371428571428
5181,41.44371428571428
5182,40.887047619047614
5183,39.94
5184,39.94
5185,77.07
5186,41.44371428571428
5187,41.44371428571428
5188,57.83333333333333
5189,140.07
5190,54.19
5191,54.24
5192,42.75933333333332
5193,91.75
5194,140.07
5195,86.31
5196,88.77
5197,142.2
5198,142.6
5199,88.56
5200,142.6
5201,142.2
5202,131.73
5203,131.08
5204,125.63
5205,125.7
5206,131.08
5207,134.28
5208,88.85
5209,92.04
5210,131.08
5211,125.63
5212,42.55
5213,42.55
5214,77.515
5215,42.55
5216,56.87
5217,42.55
5218,42.55
5219,42.55
5220,86.03
5221,56.87
5222,77.225
5223,56.76
5224,131.48
5225,130.77
5226,125.38
5227,125.44
5228,130.77
5229,133.89
5230,88.73
5231,91.93
5232,130.77
5233,125.38
5234,131.73
5235,131.08
5236,125.63
5237,125.7
5238,131.08
5239,134.28
5240,88.85
5241,92.04
5242,131.08
5243,125.63
5244,76.73
5245,76.86
5246,42.75933333333332
5247,41.802
5248,95.32
5249,92.02
5250,140.11
5251,41.802
5252,76.73
5253,47.16383333333333
5254,90.22
5255,77.07
5256,77.415
5257,56.87
5258,55.5
5259,90.42
5260,141.22
5261,41.44371428571428
5262,55.5
5263,54.25
5264,86.19
5265,56.87
5266,86.06
5267,77.415
5268,40.847047619047615
5269,86.59
5270,76.73
5271,76.86
5272,42.75933333333332
5273,41.802
5274,95.32
5275,92.02
5276,140.11
5277,41.802
5278,76.73
5279,47.16383333333333
5280,39.94
5281,55.47
5282,91.62
5283,143.77
5284,88.64
5285,42.75933333333332
5286,91.18
5287,132.1
5288,134.71
5289,125.73
5290,56.87
5291,54.24
5292,130.96
5293,134.71
5294,91.68
5295,40.847047619047615
5296,42.73933333333333
5297,140.11
5298,76.61
5299,77.415
5300,57.92333333333333
5301,54.24
5302,42.75933333333332
5303,55.49
5304,88.77
5305,77.14699999999999
5306,142.6
5307,141.19
5308,77.34
5309,77.14699999999999
5310,76.18
5311,77.14699999999999
5312,80.46
5313,40.887047619047614
5314,40.887047619047614
5315,80.84
5316,43.4
5317,96.57
5318,40.847047619047615
5319,97.79
5320,91.88
5321,143.55
5322,42.012666666666654
5323,76.99
5324,56.87
5325,91.53
5326,94.26
5327,55.47
5328,91.35
5329,41.40371428571428
5330,39.98
5331,42.48
5332,42.48
5333,76.18
5334,42.48
5335,39.98
5336,42.48
5337,42.012666666666654
5338,86.57
5339,76.73
5340,102.03
5341,41.802
5342,42.75933333333332
5343,140.11
5344,76.73
5345,42.012666666666654
5346,77.78
5347,77.78
5348,86.03
5349,56.87
5350,77.225
5351,56.76
5352,86.03
5353,56.87
5354,77.415
5355,56.76
5356,80.84
5357,43.4
5358,96.57
5359,40.847047619047615
5360,39.98
5361,42.48
5362,42.48
5363,76.18
5364,42.48
5365,39.98
5366,42.48
5367,42.012666666666654
5368,86.57
5369,132.1
5370,77.07
5371,42.48
5372,77.34
5373,88.64
5374,77.46
5375,54.24
5376,42.48
5377,56.87
5378,40.887047619047614
5379,42.75933333333332
5380,80.46
5381,40.887047619047614
5382,88.64
5383,42.75933333333332
5384,91.18
5385,132.1
5386,134.71
5387,125.73
5388,56.87
5389,54.24
5390,130.96
5391,134.71
5392,91.68
5393,40.847047619047615
5394,76.73
5395,76.86
5396,42.75933333333332
5397,41.802
5398,95.32
5399,92.02
5400,140.11
5401,41.802
5402,76.73
5403,47.16383333333333
5404,90.22
5405,77.07
5406,77.415
5407,56.87
5408,55.5
5409,90.42
5410,141.22
5411,41.44371428571428
5412,39.98
5413,42.48
5414,42.48
5415,76.18
5416,42.48
5417,39.98
5418,42.48
5419,42.012666666666654
5420,86.57
5421,40.887047619047614
5422,39.94
5423,39.94
5424,77.07
5425,41.44371428571428
5426,41.44371428571428
5427,41.44371428571428
5428,131.73
5429,131.08
5430,125.63
5431,125.7
5432,131.08
5433,134.28
5434,88.85
5435,92.04
5436,131.08
5437,125.63
5438,54.25
5439,77.515
5440,77.515
5441,77.54
5442,97.79
5443,77.515
5444,131.56
5445,42.55
5446,42.012666666666654
5447,92.43
5448,141.22
5449,41.44371428571428
5450,97.79
5451,142.63
5452,141.22
5453,93.03
5454,142.63
5455,56.87
5456,140.27
5457,94.08
5458,54.25
5459,41.40371428571428
5460,80.46
5461,40.887047619047614
5462,40.887047619047614
5463,55.5
5464,54.25
5465,86.19
5466,56.87
5467,86.06
5468,77.415
5469,40.887047619047614
5470,86.59
5471,97.79
5472,91.88
5473,143.55
5474,42.012666666666654
5475,76.99
5476,56.87
5477,91.53
5478,94.26
5479,55.47
5480,91.35
5481,41.40371428571428
5482,80.84
5483,43.4
5484,96.57
5485,40.847047619047615
5486,42.55
5487,42.55
5488,77.515
5489,42.55
5490,42.012666666666654
5491,56.87
5492,42.55
5493,42.55
5494,41.44371428571428
5495,42.55
5496,132.1
5497,77.07
5498,42.48
5499,77.34
5500,88.64
5501,77.46
5502,54.24
5503,42.48
5504,56.87
5505,40.887047619047614
5506,42.75933333333332
5507,57.83333333333333
5508,140.07
5509,54.19
5510,54.24
5511,42.75933333333332
5512,91.75
5513,140.07
5514,86.31
5515,88.77
5516,142.2
5517,142.6
5518,88.56
5519,142.6
5520,142.2
5521,57.83333333333333
5522,140.07
5523,54.19
5524,54.24
5525,42.75933333333332
5526,91.75
5527,140.07
5528,86.31
5529,88.77
5530,142.2
5531,142.6
5532,88.56
5533,142.6
5534,142.2
5535,77.14699999999999
5536,39.95
5537,41.44371428571428
5538,54.24
5539,55.49
5540,77.52
5541,39.95
5542,39.95
5543,42.55
5544,42.55
5545,77.515
5546,42.55
5547,42.012666666666654
5548,56.87
5549,42.55
5550,42.55
5551,41.44371428571428
5552,42.55
5553,77.34
5554,39.96
5555,42.43
5556,88.75
5557,39.96
5558,86.19
5559,77.415
5560,42.43
5561,77.34
5562,39.96
5563,42.43
5564,88.75
5565,39.96
5566,86.19
5567,77.415
5568,42.43
5569,80.46
5570,40.887047619047614
5571,40.887047619047614
5572,57.83333333333333
5573,140.07
5574,54.19
5575,54.24
5576,42.75933333333332
5577,91.75
5578,140.07
5579,86.31
5580,88.77
5581,142.2
5582,142.6
5583,88.56
5584,142.6
5585,142.2
5586,57.92333333333333
5587,77.14699999999999
5588,42.75933333333332
5589,39.95
5590,41.44371428571428
5591,54.24
5592,55.49
5593,77.52
5594,39.95
5595,39.95
5596,54.25
5597,77.515
5598,77.515
5599,77.54
5600,97.79
5601,77.515
5602,131.56
5603,42.55
5604,42.012666666666654
5605,92.43
5606,141.22
5607,41.44371428571428
5608,97.79
5609,76.18
5610,77.14699999999999
5611,57.83333333333333
5612,140.07
5613,54.19
5614,54.24
5615,42.75933333333332
5616,91.75
5617,140.07
5618,86.31
5619,88.77
5620,142.2
5621,142.6
5622,88.56
5623,142.6
5624,142.2
5625,77.34
5626,39.96
5627,42.43
5628,88.75
5629,39.96
5630,86.19
5631,77.415
5632,42.43
5633,76.73
5634,102.03
5635,41.802
5636,42.75933333333332
5637,140.11
5638,76.73
5639,42.012666666666654
5640,77.78
5641,77.78
5642,80.46
5643,40.887047619047614
5644,81.94099999999999
5645,43.4
5646,40.887047619047614
5647,80.84
5648,80.69
5649,132.1
5650,77.07
5651,42.48
5652,77.34
5653,88.64
5654,77.46
5655,54.24
5656,42.48
5657,56.87
5658,40.887047619047614
5659,42.75933333333332
5660,42.73933333333333
5661,139.07
5662,76.61
5663,86.03
5664,56.76
5665,77.225
5666,56.76
5667,57.83333333333333
5668,140.07
5669,54.19
5670,54.24
5671,42.75933333333332
5672,91.75
5673,140.07
5674,86.31
5675,88.77
5676,142.2
5677,142.6
5678,88.56
5679,142.6
5680,142.2
5681,97.79
5682,91.88
5683,143.55
5684,42.012666666666654
5685,76.99
5686,56.87
5687,91.53
5688,94.26
5689,55.47
5690,91.35
5691,41.40371428571428
5692,77.14699999999999
5693,39.95
5694,41.44371428571428
5695,54.24
5696,55.49
5697,77.52
5698,39.95
5699,39.95
5700,86.03
5701,56.87
5702,77.225
5703,56.76
5704,131.73
5705,131.08
5706,125.63
5707,125.7
5708,131.08
5709,134.28
5710,88.85
5711,92.04
5712,131.08
5713,125.63
5714,76.73
5715,102.03
5716,41.802
5717,42.75933333333332
5718,140.11
5719,76.73
5720,42.012666666666654
5721,77.78
5722,77.78
5723,142.63
5724,141.22
5725,93.03
5726,142.63
5727,56.87
5728,140.27
5729,94.08
5730,54.25
5731,41.44371428571428
5732,76.73
5733,102.03
5734,41.802
5735,42.75933333333332
5736,140.11
5737,76.73
5738,42.012666666666654
5739,77.78
5740,77.78
5741,88.64
5742,42.75933333333332
5743,91.18
5744,132.1
5745,134.71
5746,125.73
5747,56.87
5748,54.24
5749,130.96
5750,134.71
5751,91.68
5752,40.847047619047615
5753,80.84
5754,43.4
5755,96.57
5756,40.847047619047615
5757,54.25
5758,77.515
5759,77.515
5760,77.54
5761,97.79
5762,77.515
5763,131.56
5764,42.55
5765,42.012666666666654
5766,92.43
5767,141.22
5768,41.44371428571428
5769,97.79
5770,42.73933333333333
5771,139.07
5772,76.61
5773,97.79
5774,91.88
5775,143.55
5776,42.012666666666654
5777,76.99
5778,56.76
5779,91.53
5780,94.26
5781,55.47
5782,91.35
5783,41.40371428571428
5784,77.52
5785,40.887047619047614
5786,39.94
5787,142.63
5788,141.22
5789,93.03
5790,142.63
5791,56.87
5792,140.27
5793,94.08
5794,54.25
5795,41.40371428571428
5796,57.83333333333333
5797,140.07
5798,54.19
5799,54.24
5800,42.75933333333332
5801,91.75
5802,140.07
5803,86.31
5804,88.77
5805,142.2
5806,142.6
5807,88.56
5808,142.6
5809,142.2
5810,42.73933333333333
5811,139.07
5812,76.61
5813,80.46
5814,40.887047619047614
5815,40.887047619047614
5816,80.46
5817,40.887047619047614
5818,39.85
5819,55.47
5820,91.62
5821,143.77
5822,76.73
5823,76.86
5824,42.75933333333332
5825,41.802
5826,95.32
5827,92.02
5828,140.11
5829,41.802
5830,76.73
5831,47.16383333333333
5832,142.63
5833,141.22
5834,93.03
5835,142.63
5836,56.87
5837,140.27
5838,94.08
5839,54.25
5840,41.40371428571428
5841,80.46
5842,40.887047619047614
5843,40.887047619047614
5844,57.83333333333333
5845,140.07
5846,54.19
5847,54.24
5848,42.75933333333332
5849,91.75
5850,140.07
5851,86.31
5852,88.77
5853,142.2
5854,142.6
5855,88.56
5856,142.6
5857,142.2
5858,131.73
5859,131.08
5860,125.63
5861,125.7
5862,131.08
5863,134.28
5864,88.85
5865,92.04
5866,131.08
5867,125.63
5868,77.14699999999999
5869,39.95
5870,41.44371428571428
5871,54.24
5872,55.49
5873,77.52
5874,39.95
5875,39.95
5876,77.52
5877,40.887047619047614
5878,39.94
5879,97.79
5880,91.88
5881,143.55
5882,42.012666666666654
5883,76.99
5884,56.87
5885,91.53
5886,94.26
5887,55.47
5888,91.35
5889,41.40371428571428
5890,77.34
5891,39.96
5892,42.43
5893,88.75
5894,39.96
5895,86.19
5896,77.415
5897,42.43
5898,90.22
5899,77.07
5900,77.415
5901,56.87
5902,55.5
5903,90.42
5904,141.22
5905,41.44371428571428
5906,39.98
5907,42.48
5908,42.48
5909,76.18
5910,42.48
5911,39.98
5912,42.48
5913,42.012666666666654
5914,86.57
5915,40.887047619047614
5916,39.94
5917,39.94
5918,77.07
5919,41.44371428571428
5920,41.44371428571428
5921,41.44371428571428
5922,131.73
5923,131.08
5924,125.63
5925,125.7
5926,131.08
5927,134.28
5928,88.85
5929,92.04
5930,131.08
5931,125.63
5932,88.52
5933,42.73933333333333
5934,91.07
5935,131.69
5936,134.32
5937,125.54
5938,56.76
5939,54.19
5940,130.64
5941,134.32
5942,91.57
5943,40.847047619047615
5944,39.85
5945,55.47
5946,91.55
5947,143.8
5948,57.92333333333333
5949,77.14699999999999
5950,42.75933333333332
5951,39.95
5952,41.44371428571428
5953,54.24
5954,55.49
5955,77.52
5956,39.95
5957,39.95
5958,88.64
5959,42.75933333333332
5960,91.18
5961,132.1
5962,134.71
5963,125.73
5964,56.87
5965,54.24
5966,130.96
5967,134.71
5968,91.68
5969,40.847047619047615
5970,76.18
5971,77.14699999999999
5972,132.1
5973,77.07
5974,42.48
5975,77.34
5976,88.64
5977,77.46
5978,54.24
5979,42.48
5980,56.87
5981,40.887047619047614
5982,42.75933333333332
5983,39.94
5984,55.47
5985,91.62
5986,143.77
5987,80.46
5988,40.887047619047614
5989,80.46
5990,40.887047619047614
5991,40.887047619047614
5992,132.1
5993,77.07
5994,42.48
5995,77.34
5996,88.64
5997,77.46
5998,54.24
5999,42.48
6000,56.87
6001,40.887047619047614
6002,42.75933333333332
6003,57.83333333333333
6004,139.13
6005,54.19
6006,54.19
6007,42.75933333333332
6008,91.72
6009,139.13
6010,86.29
6011,88.65
6012,141.73
6013,141.87
6014,88.44
6015,141.87
6016,141.73
6017,80.84
6018,43.4
6019,96.57
6020,40.847047619047615
6021,81.94099999999999
6022,43.4
6023,40.887047619047614
6024,80.84
6025,80.69
6026,39.94
6027,55.47
6028,91.62
6029,143.77
6030,42.73933333333333
6031,140.11
6032,76.61
6033,77.415
6034,57.92333333333333
6035,54.24
6036,42.75933333333332
6037,55.49
6038,88.77
6039,77.14699999999999
6040,142.6
6041,141.19
6042,77.34
6043,77.14699999999999
6044,39.94
6045,55.47
6046,91.62
6047,143.77
6048,132.1
6049,134.71
6050,135.07
6051,55.49
6052,88.64
6053,42.75933333333332
6054,77.07
6055,40.847047619047615
6056,132.1
6057,77.52
6058,132.1
6059,57.83333333333333
6060,140.07
6061,54.19
6062,54.24
6063,42.75933333333332
6064,91.75
6065,140.07
6066,86.31
6067,88.77
6068,142.2
6069,141.87
6070,88.56
6071,141.87
6072,142.2
6073,88.64
6074,42.75933333333332
6075,91.18
6076,132.1
6077,134.71
6078,125.73
6079,56.87
6080,54.24
6081,130.96
6082,134.71
6083,91.68
6084,40.847047619047615
6085,54.25
6086,77.515
6087,77.515
6088,77.54
6089,97.79
6090,77.515
6091,131.56
6092,42.55
6093,42.012666666666654
6094,92.43
6095,141.22
6096,41.44371428571428
6097,97.79
6098,88.52
6099,42.73933333333333
6100,91.07
6101,131.69
6102,134.32
6103,125.54
6104,56.76
6105,54.19
6106,130.64
6107,134.32
6108,91.57
6109,40.847047619047615
6110,90.22
6111,77.07
6112,77.415
6113,56.87
6114,55.5
6115,90.42
6116,141.22
6117,41.44371428571428
6118,39.98
6119,42.48
6120,42.48
6121,76.18
6122,42.48
6123,39.98
6124,42.48
6125,42.012666666666654
6126,86.57
6127,42.012666666666654
6128,125.63
6129,39.98
6130,88.85
6131,131.73
6132,131.08
6133,125.63
6134,125.7
6135,131.08
6136,134.28
6137,88.85
6138,92.04
6139,131.08
6140,125.63
6141,76.73
6142,102.03
6143,41.802
6144,42.75933333333332
6145,140.11
6146,76.73
6147,42.012666666666654
6148,77.78
6149,77.78
6150,39.94
6151,55.47
6152,91.62
6153,143.77
6154,86.03
6155,56.87
6156,77.415
6157,56.76
6158,90.22
6159,77.07
6160,77.415
6161,56.87
6162,55.5
6163,90.42
6164,141.22
6165,41.44371428571428
6166,77.52
6167,40.887047619047614
6168,39.94
6169,76.18
6170,77.14699999999999
6171,76.73
6172,76.86
6173,42.75933333333332
6174,41.802
6175,95.32
6176,92.02
6177,140.11
6178,41.802
6179,76.73
6180,47.16383333333333
6181,39.94
6182,55.47
6183,91.62
6184,143.77
6185,86.03
6186,56.87
6187,77.415
6188,56.76
6189,77.415
6190,57.92333333333333
6191,54.24
6192,42.75933333333332
6193,55.49
6194,88.77
6195,77.14699999999999
6196,142.6
6197,141.19
6198,77.34
6199,77.14699999999999
6200,80.84
6201,43.4
6202,96.57
6203,40.847047619047615
6204,39.98
6205,42.48
6206,42.48
6207,76.18
6208,42.48
6209,39.98
6210,42.48
6211,42.012666666666654
6212,86.57
6213,142.63
6214,141.22
6215,93.03
6216,142.63
6217,56.76
6218,140.27
6219,94.08
6220,54.2
6221,41.40371428571428
6222,132.1
6223,77.07
6224,42.48
6225,77.34
6226,88.64
6227,77.46
6228,54.24
6229,42.48
6230,56.87
6231,40.887047619047614
6232,42.75933333333332
6233,77.415
6234,57.92333333333333
6235,54.24
6236,42.75933333333332
6237,55.49
6238,88.77
6239,77.14699999999999
6240,142.6
6241,141.19
6242,77.34
6243,77.14699999999999
6244,131.73
6245,131.08
6246,125.63
6247,125.7
6248,131.08
6249,134.28
6250,88.85
6251,92.04
6252,131.08
6253,125.63
6254,86.03
6255,56.87
6256,77.415
6257,56.76
6258,80.84
6259,43.4
6260,96.57
6261,40.847047619047615
6262,55.5
6263,54.25
6264,86.19
6265,56.87
6266,86.06
6267,77.415
6268,40.847047619047615
6269,86.59
6270,80.46
6271,40.887047619047614
6272,40.887047619047614
6273,142.63
6274,141.22
6275,93.03
6276,142.63
6277,56.87
6278,140.27
6279,94.08
6280,54.25
6281,41.40371428571428
6282,77.34
6283,39.96
6284,42.43
6285,88.75
6286,39.96
6287,86.19
6288,77.415
6289,42.43
6290,39.94
6291,55.47
6292,91.62
6293,143.77
6294,57.92333333333333
6295,140.07
6296,54.19
6297,54.24
6298,42.75933333333332
6299,91.75
6300,140.07
6301,86.31
6302,88.77
6303,142.2
6304,142.6
6305,88.56
6306,142.6
6307,142.2
6308,39.94
6309,55.47
6310,91.62
6311,143.77
6312,97.79
6313,91.88
6314,143.55
6315,42.012666666666654
6316,76.99
6317,56.87
6318,91.53
6319,94.26
6320,55.47
6321,91.35
6322,41.40371428571428
6323,88.64
6324,42.75933333333332
6325,91.18
6326,132.1
6327,134.71
6328,125.73
6329,56.87
6330,54.24
6331,130.96
6332,134.71
6333,91.68
6334,40.847047619047615
6335,42.012666666666654
6336,125.63
6337,39.98
6338,88.85
6339,42.73933333333333
6340,139.07
6341,76.61
6342,80.46
6343,40.887047619047614
6344,40.887047619047614
6345,40.887047619047614
6346,39.94
6347,39.94
6348,77.07
6349,41.44371428571428
6350,41.44371428571428
6351,41.44371428571428
6352,42.73933333333333
6353,140.11
6354,76.61
6355,77.52
6356,40.887047619047614
6357,39.94
6358,132.1
6359,134.71
6360,135.07
6361,55.49
6362,88.64
6363,42.75933333333332
6364,77.07
6365,40.847047619047615
6366,132.1
6367,77.52
6368,132.1
6369,57.83333333333333
6370,140.07
6371,54.19
6372,54.24
6373,42.75933333333332
6374,91.75
6375,140.07
6376,86.31
6377,88.77
6378,142.2
6379,141.87
6380,88.56
6381,141.87
6382,142.2
6383,81.1
6384,42.67
6385,96.58
6386,40.847047619047615
6387,42.55
6388,42.55
6389,77.515
6390,42.55
6391,42.012666666666654
6392,56.87
6393,42.55
6394,42.55
6395,41.44371428571428
6396,42.55
6397,132.1
6398,134.71
6399,135.07
6400,55.49
6401,88.64
6402,42.75933333333332
6403,77.07
6404,40.887047619047614
6405,132.1
6406,77.52
6407,132.1
6408,77.52
6409,40.887047619047614
6410,39.94
6411,86.03
6412,56.76
6413,77.225
6414,56.76
6415,80.84
6416,43.4
6417,96.57
6418,40.847047619047615
6419,88.52
6420,42.73933333333333
6421,91.07
6422,131.69
6423,134.32
6424,125.54
6425,56.76
6426,54.19
6427,130.64
6428,134.32
6429,91.57
6430,40.847047619047615
6431,40.887047619047614
6432,39.94
6433,39.94
6434,77.07
6435,41.44371428571428
6436,41.44371428571428
6437,41.44371428571428
6438,77.34
6439,39.96
6440,42.43
6441,88.75
6442,39.96
6443,86.19
6444,77.415
6445,42.43
6446,77.34
6447,39.96
6448,42.43
6449,88.75
6450,39.96
6451,86.19
6452,77.415
6453,42.43
6454,55.5
6455,54.25
6456,86.19
6457,56.87
6458,86.06
6459,77.415
6460,40.847047619047615
6461,86.59
6462,55.5
6463,54.25
6464,86.19
6465,56.87
6466,86.06
6467,77.415
6468,40.847047619047615
6469,86.59
6470,76.73
6471,76.86
6472,42.75933333333332
6473,41.802
6474,95.32
6475,92.02
6476,140.11
6477,41.802
6478,76.73
6479,47.16383333333333
6480,76.73
6481,76.86
6482,42.75933333333332
6483,41.802
6484,95.32
6485,92.02
6486,140.11
6487,41.802
6488,76.73
6489,47.16383333333333
6490,76.73
6491,102.03
6492,41.802
6493,42.75933333333332
6494,140.11
6495,76.73
6496,42.012666666666654
6497,77.78
6498,77.78
6499,76.73
6500,102.03
6501,41.802
6502,42.75933333333332
6503,140.11
6504,76.73
6505,42.012666666666654
6506,77.78
6507,77.78
6508,88.64
6509,42.75933333333332
6510,91.18
6511,132.1
6512,134.71
6513,125.73
6514,56.87
6515,54.24
6516,130.96
6517,134.71
6518,91.68
6519,40.847047619047615
6520,88.64
6521,42.73933333333333
6522,91.18
6523,132.1
6524,134.71
6525,125.73
6526,56.76
6527,54.19
6528,130.96
6529,134.71
6530,91.68
6531,40.847047619047615
6532,88.52
6533,42.73933333333333
6534,91.07
6535,131.69
6536,134.32
6537,125.54
6538,56.76
6539,54.19
6540,130.64
6541,134.32
6542,91.57
6543,40.847047619047615
6544,77.415
6545,57.92333333333333
6546,54.24
6547,42.75933333333332
6548,55.49
6549,88.77
6550,77.14699999999999
6551,142.6
6552,141.19
6553,77.34
6554,77.14699999999999
6555,57.83333333333333
6556,140.07
6557,54.19
6558,54.24
6559,42.75933333333332
6560,91.75
6561,140.07
6562,86.31
6563,88.77
6564,142.2
6565,142.6
6566,88.56
6567,142.6
6568,142.2
6569,88.64
6570,42.75933333333332
6571,91.18
6572,132.1
6573,134.71
6574,125.73
6575,56.87
6576,54.24
6577,130.96
6578,134.71
6579,91.68
6580,40.847047619047615
6581,54.25
6582,77.515
6583,77.515
6584,77.54
6585,97.79
6586,77.515
6587,131.56
6588,42.55
6589,42.012666666666654
6590,92.43
6591,141.22
6592,41.44371428571428
6593,97.79
6594,77.415
6595,57.92333333333333
6596,54.24
6597,42.75933333333332
6598,55.49
6599,88.77
6600,77.14699999999999
6601,142.6
6602,141.19
6603,77.34
6604,77.14699999999999
6605,57.83333333333333
6606,140.07
6607,54.19
6608,54.24
6609,42.75933333333332
6610,91.75
6611,140.07
6612,86.31
6613,88.77
6614,142.2
6615,142.6
6616,88.56
6617,142.6
6618,142.2
6619,77.34
6620,39.96
6621,42.43
6622,88.75
6623,39.96
6624,86.19
6625,77.415
6626,42.43
6627,86.03
6628,56.87
6629,77.415
6630,56.76
6631,142.63
6632,141.22
6633,93.03
6634,142.63
6635,56.87
6636,140.27
6637,94.08
6638,54.25
6639,41.44371428571428
6640,86.03
6641,56.76
6642,77.225
6643,56.76
